{"":{"children":[{"name":"PRISCILLIA","smic":"11.88","sujetion":false,"jours":"212","indemnite":"14.77"},{"name":"ROSA","smic":"11.88","sujetion":false,"jours":"150","indemnite":"17.18"},{"name":"ANNE-LYSE","smic":"11.88","sujetion":false,"jours":"204","indemnite":"17.18"},{"name":"KADI","smic":"11.88","sujetion":false,"jours":"92","indemnite":"17.18"},{"name":"CAMELIA","smic":"11.88","sujetion":false,"jours":"2","indemnite":"14.77"},{"name":"JONAS","smic":"11.88","sujetion":false,"jours":"6","indemnite":"14.77"},{"name":"KELLY","smic":"11.88","sujetion":false,"jours":"16","indemnite":"17.18"},{"name":"","smic":"11.88","sujetion":false,"jours":"0","indemnite":""},{"name":"","smic":"11.88","sujetion":false,"jours":"0","indemnite":""},{"name":"","smic":"11.88","sujetion":false,"jours":"0","indemnite":""}],"forfait":"5928.2","repas":"990.16","smicGlobal":"11.88","joursMensuels":[[{"plus":31,"minus":0},{"plus":31,"minus":15},{"plus":31,"minus":6},{"plus":26,"minus":0},{"plus":2,"minus":0},{"plus":0,"minus":0},{"plus":0,"minus":0},{"plus":0,"minus":0},{"plus":0,"minus":0},{"plus":0,"minus":0}],[{"plus":28,"minus":0},{"plus":28,"minus":14},{"plus":28,"minus":2},{"plus":28,"minus":0},{"plus":0,"minus":0},{"plus":0,"minus":0},{"plus":0,"minus":0},{"plus":0,"minus":0},{"plus":0,"minus":0},{"plus":0,"minus":0}],[{"plus":31,"minus":0},{"plus":31,"minus":9},{"plus":31,"minus":0},{"plus":31,"minus":0},{"plus":0,"minus":0},{"plus":6,"minus":0},{"plus":0,"minus":0},{"plus":0,"minus":0},{"plus":0,"minus":0},{"plus":0,"minus":0}],[{"plus":30,"minus":0},{"plus":30,"minus":17},{"plus":30,"minus":0},{"plus":7,"minus":0},{"plus":0,"minus":0},{"plus":0,"minus":0},{"plus":0,"minus":0},{"plus":0,"minus":0},{"plus":0,"minus":0},{"plus":0,"minus":0}],[{"plus":31,"minus":0},{"plus":31,"minus":7},{"plus":31,"minus":0},{"plus":0,"minus":0},{"plus":0,"minus":0},{"plus":0,"minus":0},{"plus":31,"minus":0},{"plus":0,"minus":0},{"plus":0,"minus":0},{"plus":0,"minus":0}],[{"plus":30,"minus":0},{"plus":30,"minus":0},{"plus":30,"minus":0},{"plus":0,"minus":0},{"plus":0,"minus":0},{"plus":0,"minus":0},{"plus":0,"minus":15},{"plus":0,"minus":0},{"plus":0,"minus":0},{"plus":0,"minus":0}],[{"plus":31,"minus":0},{"plus":31,"minus":0},{"plus":31,"minus":0},{"plus":0,"minus":0},{"plus":0,"minus":0},{"plus":0,"minus":0},{"plus":0,"minus":0},{"plus":0,"minus":0},{"plus":0,"minus":0},{"plus":0,"minus":0}],[{"plus":0,"minus":0},{"plus":0,"minus":0},{"plus":0,"minus":0},{"plus":0,"minus":0},{"plus":0,"minus":0},{"plus":0,"minus":0},{"plus":0,"minus":0},{"plus":0,"minus":0},{"plus":0,"minus":0},{"plus":0,"minus":0}],[{"plus":0,"minus":0},{"plus":0,"minus":0},{"plus":0,"minus":0},{"plus":0,"minus":0},{"plus":0,"minus":0},{"plus":0,"minus":0},{"plus":0,"minus":0},{"plus":0,"minus":0},{"plus":0,"minus":0},{"plus":0,"minus":0}],[{"plus":0,"minus":0},{"plus":0,"minus":0},{"plus":0,"minus":0},{"plus":0,"minus":0},{"plus":0,"minus":0},{"plus":0,"minus":0},{"plus":0,"minus":0},{"plus":0,"minus":0},{"plus":0,"minus":0},{"plus":0,"minus":0}],[{"plus":0,"minus":0},{"plus":0,"minus":0},{"plus":0,"minus":0},{"plus":0,"minus":0},{"plus":0,"minus":0},{"plus":0,"minus":0},{"plus":0,"minus":0},{"plus":0,"minus":0},{"plus":0,"minus":0},{"plus":0,"minus":0}],[{"plus":0,"minus":0},{"plus":0,"minus":0},{"plus":0,"minus":0},{"plus":0,"minus":0},{"plus":0,"minus":0},{"plus":0,"minus":0},{"plus":0,"minus":0},{"plus":0,"minus":0},{"plus":0,"minus":0},{"plus":0,"minus":0}]]},"J":{"children":[{"name":"JOHANA","smic":"11.88","sujetion":false,"jours":"116","indemnite":"17.18"},{"name":"LUKA","smic":"11.88","sujetion":false,"jours":"142","indemnite":"17.18"},{"name":"CHRIST YVAN","smic":"11.88","sujetion":false,"jours":"139","indemnite":"17.18"},{"name":"KELLY","smic":"11.88","sujetion":false,"jours":"77","indemnite":"17.18"},{"name":"FATOUMATA","smic":"11.88","sujetion":false,"jours":"81","indemnite":"17.18"},{"name":"","smic":"11.88","sujetion":false,"jours":"0","indemnite":""},{"name":"","smic":"11.88","sujetion":false,"jours":"0","indemnite":""},{"name":"","smic":"11.88","sujetion":false,"jours":"0","indemnite":""},{"name":"","smic":"11.88","sujetion":false,"jours":"0","indemnite":""},{"name":"","smic":"11.88","sujetion":false,"jours":"0","indemnite":""}],"forfait":"1889.6","repas":"772.36","smicGlobal":"11.88","joursMensuels":[[{"plus":31,"minus":0},{"plus":31,"minus":9},{"plus":0,"minus":0},{"plus":0,"minus":0},{"plus":0,"minus":0},{"plus":0,"minus":0},{"plus":0,"minus":0},{"plus":0,"minus":0},{"plus":0,"minus":0},{"plus":0,"minus":0}],[{"plus":28,"minus":0},{"plus":28,"minus":12},{"plus":0,"minus":0},{"plus":0,"minus":0},{"plus":0,"minus":0},{"plus":0,"minus":0},{"plus":0,"minus":0},{"plus":0,"minus":0},{"plus":0,"minus":0},{"plus":0,"minus":0}],[{"plus":31,"minus":0},{"plus":31,"minus":9},{"plus":44,"minus":0},{"plus":0,"minus":0},{"plus":0,"minus":0},{"plus":0,"minus":0},{"plus":0,"minus":0},{"plus":0,"minus":0},{"plus":0,"minus":0},{"plus":0,"minus":0}],[{"plus":30,"minus":4},{"plus":30,"minus":9},{"plus":30,"minus":5},{"plus":0,"minus":0},{"plus":0,"minus":0},{"plus":0,"minus":0},{"plus":0,"minus":0},{"plus":0,"minus":0},{"plus":0,"minus":0},{"plus":0,"minus":0}],[{"plus":31,"minus":0},{"plus":31,"minus":12},{"plus":31,"minus":9},{"plus":0,"minus":0},{"plus":0,"minus":0},{"plus":0,"minus":0},{"plus":0,"minus":0},{"plus":0,"minus":0},{"plus":0,"minus":0},{"plus":0,"minus":0}],[{"plus":0,"minus":31},{"plus":30,"minus":8},{"plus":30,"minus":8},{"plus":46,"minus":0},{"plus":50,"minus":0},{"plus":0,"minus":0},{"plus":0,"minus":0},{"plus":0,"minus":0},{"plus":0,"minus":0},{"plus":0,"minus":0}],[{"plus":0,"minus":0},{"plus":31,"minus":11},{"plus":31,"minus":5},{"plus":31,"minus":0},{"plus":46,"minus":15},{"plus":0,"minus":0},{"plus":0,"minus":0},{"plus":0,"minus":0},{"plus":0,"minus":0},{"plus":0,"minus":0}],[{"plus":0,"minus":0},{"plus":0,"minus":0},{"plus":0,"minus":0},{"plus":0,"minus":0},{"plus":0,"minus":0},{"plus":0,"minus":0},{"plus":0,"minus":0},{"plus":0,"minus":0},{"plus":0,"minus":0},{"plus":0,"minus":0}],[{"plus":0,"minus":0},{"plus":0,"minus":0},{"plus":0,"minus":0},{"plus":0,"minus":0},{"plus":0,"minus":0},{"plus":0,"minus":0},{"plus":0,"minus":0},{"plus":0,"minus":0},{"plus":0,"minus":0},{"plus":0,"minus":0}],[{"plus":0,"minus":0},{"plus":0,"minus":0},{"plus":0,"minus":0},{"plus":0,"minus":0},{"plus":0,"minus":0},{"plus":0,"minus":0},{"plus":0,"minus":0},{"plus":0,"minus":0},{"plus":0,"minus":0},{"plus":0,"minus":0}],[{"plus":0,"minus":0},{"plus":0,"minus":0},{"plus":0,"minus":0},{"plus":0,"minus":0},{"plus":0,"minus":0},{"plus":0,"minus":0},{"plus":0,"minus":0},{"plus":0,"minus":0},{"plus":0,"minus":0},{"plus":0,"minus":0}],[{"plus":0,"minus":0},{"plus":0,"minus":0},{"plus":0,"minus":0},{"plus":0,"minus":0},{"plus":0,"minus":0},{"plus":0,"minus":0},{"plus":0,"minus":0},{"plus":0,"minus":0},{"plus":0,"minus":0},{"plus":0,"minus":0}]]}}