{
  "entries": [
    {
      "name": "FERRY 1",
      "amount": 572.19,
      "done": true
    },
    {
      "name": "FERRY 2",
      "amount": 619.58,
      "done": false
    },
    {
      "name": "BERARD",
      "amount": 575.63,
      "done": false
    },
    {
      "name": "EGLISE T3",
      "amount": 732.19,
      "done": false
    },
    {
      "name": "EGLISE STUDIO",
      "amount": 455.9,
      "done": false
    },
    {
      "name": "SORLIN",
      "amount": 824.3,
      "done": false
    },
    {
      "name": "ACQUISES 1",
      "amount": 0,
      "done": false
    },
    {
      "name": "PHOENIX 1",
      "amount": 584.83,
      "done": false
    },
    {
      "name": "PHOENIX 2",
      "amount": 748.77,
      "done": false
    },
    {
      "name": "PHOENIX 3",
      "amount": 571.02,
      "done": false
    }
  ],
  "expenses": [
    {
      "name": "CFCAL",
      "amount": 2073,
      "done": true
    },
    {
      "name": "Assurances CNO/PNO",
      "amount": 76.29,
      "done": true
    },
    {
      "name": "PRIXTEL Tel Immo",
      "amount": 6.99,
      "done": true
    },
    {
      "name": "PRÊT SARRAIL",
      "amount": 830.19,
      "done": true
    },
    {
      "name": "Entretien PAC ENGIE",
      "amount": 73,
      "done": true
    },
    {
      "name": "TAXE FONCIÈRE LAGNIEU",
      "amount": 192,
      "done": false
    },
    {
      "name": "TAXE FONCIÈRE AMBERIEU",
      "amount": 218,
      "done": false
    },
    {
      "name": "Assurances IMMEUBLES",
      "amount": 180.56,
      "done": false
    },
    {
      "name": "DARTY MAX",
      "amount": 9.99,
      "done": false
    },
    {
      "name": "Comptable",
      "amount": 100,
      "done": true
    }
  ]
}