[
  {
    "date": "22/05/1979",
    "enseigne": "AMAZON",
    "montant": 41.9,
    "logement": "SORLIN"
  },
  {
    "date": "01/01/2025",
    "enseigne": "ACTION",
    "montant": 57.97,
    "logement": "ACQUISES 1"
  },
  {
    "date": "31/01/2025",
    "enseigne": "BRICO CASH",
    "montant": 589,
    "logement": "FERRY 1"
  },
  {
    "date": "04/02/2025",
    "enseigne": "Fatmir DACI",
    "montant": 1600,
    "logement": "EGLISE STUDIO"
  },
  {
    "date": "28/02/2025",
    "enseigne": "BRICO CASH",
    "montant": 191.01,
    "logement": "ACQUISES 1"
  },
  {
    "date": "16/04/2025",
    "enseigne": "NR CONSTRUCTION BOIS",
    "montant": 178.55,
    "logement": "EGLISE T3"
  },
  {
    "date": "17/04/2025",
    "enseigne": "NR CONSTRUCTION BOIS",
    "montant": 281.96,
    "logement": "EGLISE T3"
  },
  {
    "date": "18/04/2025",
    "enseigne": "Fatmir DACI",
    "montant": 400,
    "logement": "PHOENIX 2"
  },
  {
    "date": "21/04/2025",
    "enseigne": "BRICO FENETRES",
    "montant": 1224,
    "logement": "PHOENIX 3"
  },
  {
    "date": "28/04/2025",
    "enseigne": "AMAZON",
    "montant": 106.56,
    "logement": "PHOENIX 3"
  },
  {
    "date": "28/04/2025",
    "enseigne": "ACTION",
    "montant": 55.19,
    "logement": "ACQUISES 1"
  },
  {
    "date": "30/04/2025",
    "enseigne": "BRICO CASH",
    "montant": 270.8,
    "logement": "PHOENIX 1"
  },
  {
    "date": "07/05/2025",
    "enseigne": "LEROY MERLIN",
    "montant": 43.79,
    "logement": "SORLIN"
  },
  {
    "date": "08/05/2025",
    "enseigne": "MR BRICOLAGE",
    "montant": 25.18,
    "logement": "FERRY 2"
  },
  {
    "date": "08/05/2025",
    "enseigne": "ACTION",
    "montant": 26.85,
    "logement": "ACQUISES 1"
  },
  {
    "date": "08/05/2025",
    "enseigne": "ACTION",
    "montant": 19.57,
    "logement": "ACQUISES 1"
  },
  {
    "date": "10/05/2025",
    "enseigne": "BRICO CASH",
    "montant": 45.7,
    "logement": "ACQUISES 1"
  },
  {
    "date": "16/05/2025",
    "enseigne": "Fatmir DACI",
    "montant": 550,
    "logement": "EGLISE T3"
  },
  {
    "date": "16/05/2025",
    "enseigne": "Fatmir DACI",
    "montant": 340,
    "logement": "EGLISE T3"
  },
  {
    "date": "16/05/2025",
    "enseigne": "Fatmir DACI",
    "montant": 350,
    "logement": "EGLISE T3"
  },
  {
    "date": "16/05/2025",
    "enseigne": "AMAZON",
    "montant": 89,
    "logement": "EGLISE T3"
  },
  {
    "date": "21/05/2025",
    "enseigne": "AMAZON",
    "montant": 235,
    "logement": "SORLIN"
  },
  {
    "date": "28/05/2025",
    "enseigne": "LEROY MERLIN",
    "montant": 932.67,
    "logement": "ACQUISES 1"
  },
  {
    "date": "30/05/2025",
    "enseigne": "AMAZON",
    "montant": 181.7,
    "logement": "PHOENIX 3"
  },
  {
    "date": "30/05/2025",
    "enseigne": "LEROYMERLIN",
    "montant": 67.26,
    "logement": "ACQUISES 1"
  },
  {
    "date": "30/05/2025",
    "enseigne": "BRICO CASH BOURG EN BRESSE",
    "montant": 220.9,
    "logement": "FERRY 1"
  },
  {
    "date": "31/05/2025",
    "enseigne": "BRICO CASH",
    "montant": 1025.62,
    "logement": "EGLISE T3"
  },
  {
    "date": "31/05/2025",
    "enseigne": "BRICO",
    "montant": 294.4,
    "logement": "SORLIN"
  },
  {
    "date": "02/06/2025",
    "enseigne": "AMAZON",
    "montant": 39.99,
    "logement": "ACQUISES 1"
  },
  {
    "date": "03/06/2025",
    "enseigne": "BRICO CASH",
    "montant": 18.9,
    "logement": "ACQUISES 1"
  },
  {
    "date": "03/06/2025",
    "enseigne": "BRICO CASH",
    "montant": 203.4,
    "logement": "FERRY 1"
  },
  {
    "date": "05/06/2025",
    "enseigne": "BRICO CASH",
    "montant": 212.3,
    "logement": "ACQUISES 1"
  },
  {
    "date": "06/06/2025",
    "enseigne": "Fatmir DACI",
    "montant": 250,
    "logement": "ACQUISES 1"
  },
  {
    "date": "06/06/2025",
    "enseigne": "Fatmir DACI",
    "montant": 300,
    "logement": "SORLIN"
  },
  {
    "date": "06/06/2025",
    "enseigne": "Fatmir DACI",
    "montant": 580,
    "logement": "EGLISE T3"
  },
  {
    "date": "06/06/2025",
    "enseigne": "Fatmir DACI",
    "montant": 570,
    "logement": "EGLISE T3"
  },
  {
    "date": "06/06/2025",
    "enseigne": "GEDIMAT",
    "montant": 115.85,
    "logement": "SORLIN"
  },
  {
    "date": "06/06/2025",
    "enseigne": "BRICO CASH",
    "montant": 80.75,
    "logement": "SORLIN"
  },
  {
    "date": "08/06/2025",
    "enseigne": "DARTY",
    "montant": 384.16,
    "logement": "ACQUISES 1"
  },
  {
    "date": "27/06/2025",
    "enseigne": "M.BRICOLAGE",
    "montant": 22.9,
    "logement": "PHOENIX 3"
  },
  {
    "date": "2025-07-05",
    "enseigne": "ACTION",
    "montant": 63.01,
    "logement": "PHOENIX 1"
  },
  {
    "date": "21/07/2025",
    "enseigne": "WELDOM",
    "montant": 21.7,
    "logement": "PHOENIX 3"
  }
]