[
  {
    "theme": "Naissance et famille",
    "questions": [
      {
        "question": "Que t’a-t-on raconté sur le jour de ta naissance ?",
        "reponse": "Je suis né un peu après 22 Heure le Mardi 22 Mai 1979.L'accouchement a été difficile et j'ai été brûlé au cuir chevelu avec je ne sais quel appareil.",
        "image": {
          "name": "img_0_0_1753818536013_IMG_20200730_123302.jpg",
          "type": "image/jpeg",
          "tempUrl": "blob:https://prismmo.fr/03672fca-de27-4a86-8b32-5ab59e9de00f",
          "serverUrl": "/data/image_0_0_1753818536.jpg"
        },
        "audio": null,
        "video": null
      },
      {
        "question": "Où es-tu né(e) ? Comment était l’hôpital ou la maison où tu as vu le jour ?",
        "reponse": "Clinique des Minguettes à Vénissieux.A l'époque, c'était pas encore un quartier craignos.",
        "image": null,
        "audio": null,
        "video": null
      },
      {
        "question": "Quelles émotions ont ressenti tes parents avant et après ta naissance ?",
        "reponse": "Ma mère était très heureuse, elle m'avait espéré longtemps.Elle dit que mon père voulait une fille et qu'il faisait la tête.\nSelon mon père, c'est l'inverse : elle me rejetait et il s'est occupé de moi.\nIl y a un point sur lequel ils sont d'accord : je pleurais sans cesse pour manger, les sages femmes ne pouvaient plus me voir.",
        "image": null,
        "audio": null,
        "video": null
      },
      {
        "question": "À quoi ressemblait le monde le jour de ta naissance ?",
        "reponse": "🗺️ Le monde en 1979 : contexte global\nGuerre froide en plein régime : les États-Unis et l’URSS se regardaient toujours en chiens de faïence, et l’idée d’une guerre nucléaire flottait comme un parfum anxiogène.\n\nMargaret Thatcher venait tout juste d’être élue Première ministre au Royaume-Uni (le 4 mai 1979), devenant la première femme à occuper ce poste.\n\nL’Iran vivait les débuts de la République islamique après la révolution menée par Khomeini en février.\n\nEn France, c'était le calme avant la tempête Mitterrand : Valéry Giscard d’Estaing était président, avec ses costumes trois pièces et sa manie de jouer de l'accordéon.\n\nLe franc français était encore notre monnaie, l'euro n'était qu'une utopie d’intello bruxellois.\n\n🎵 Côté musique :\nMichael Jackson sortait tout juste Off the Wall – il n'était pas encore le King of Pop, mais ça sentait déjà le moonwalk à venir.\n\nEn France, on écoutait Francis Cabrel, Renaud, et Sheila… et le Top 50 n’existait pas encore (il arrivera en 1984).\n\nÀ l’international : I Will Survive de Gloria Gaynor, My Sharona des Knack, et Tragedy des Bee Gees passaient en boucle.\n\n📺 Télé & Cinéma :\nDallas cartonnait à la télé : les gens se demandaient encore \"qui a tiré sur J.R. ?\"\n\nEn France, les gamins regardaient Récré A2 ou Les Visiteurs du Mercredi, avec Dorothée en cheffe de bande.\n\nAu ciné : Alien venait de sortir aux États-Unis (le 25 mai 1979), et ça allait marquer l'histoire du genre SF.\n\nEn France, La Boum avec Sophie Marceau sortirait un an plus tard. Pour l’instant, on allait encore voir Les Bronzés font du ski ou L'Aile ou la Cuisse.\n\n📡 Technologie :\nL’ordinateur personnel en était à ses balbutiements : Apple II, Commodore PET... le geek portait encore des chemises à jabot.\n\nLe Walkman de Sony n’était même pas encore sorti (il arrivera en juillet 1979) — tu es donc né dans un monde pré-Walkman !\n\nLe minitel n’existait pas encore, mais la France le préparait dans l’ombre...\n\n👶 Et côté société ?\nOn fumait partout. Partout.\n\nLes ceintures de sécurité à l’arrière ? Optionnelles.\n\nL’école le samedi matin était la norme.\n\nLes femmes venaient juste d’obtenir le droit d’ouvrir un compte bancaire sans l’autorisation de leur mari (merci 1965… mais il a fallu attendre les années 70 pour que ce soit appliqué à tous les niveaux).",
        "image": null,
        "audio": null,
        "video": null
      },
      {
        "question": "Se passait-il quelque chose de particulier à cette époque ?",
        "reponse": "",
        "image": null,
        "audio": null,
        "video": null
      },
      {
        "question": "As-tu déjà vu une photo de toi nouveau-né ? Qu’as-tu ressenti en la regardant ?",
        "reponse": "Oui, j'en ai même plusieurs.J'étais pas très beau, les oreilles décollées.",
        "image": {
          "name": "img_0_5_1753814371596_IMG_20200730_123302.jpg",
          "type": "image/jpeg",
          "tempUrl": "blob:https://prismmo.fr/68a1de6f-252c-4c87-9b92-ab49f9b9416a"
        },
        "audio": null,
        "video": null
      },
      {
        "question": "Y avait-il une signification particulière derrière ton prénom ?",
        "reponse": "Il parait que ça veut dire le nom de Dieu.J'ai failli m'appeler Jéremy : j'aurais nettement préféré",
        "image": null,
        "audio": null,
        "video": null
      },
      {
        "question": "Étais-tu un bébé calme ou faisais-tu désespérer tout le monde avec tes pleurs ?",
        "reponse": "Pas du tout calme : affamé tout le temps, je pleurais tout le temps pour manger",
        "image": null,
        "audio": null,
        "video": null
      },
      {
        "question": "Quel était ton surnom quand tu étais bébé (si tu en avais un) ?",
        "reponse": "Puyico (ça veut dire poussin en espagnol).En photo, le poussin en question",
        "image": {
          "name": "img_0_8_1753818615322_IMG_20200730_123302.jpg",
          "type": "image/jpeg",
          "tempUrl": "blob:https://prismmo.fr/016f3c9d-4065-456d-a160-79605329d87e",
          "serverUrl": "/data/image_0_8_1753818615.jpg"
        },
        "audio": null,
        "video": null
      },
      {
        "question": "Si tu pouvais revenir en arrière et observer le jour de ta naissance, quel moment serait selon toi le plus amusant à voir ?",
        "reponse": "Quand ma mère a perdu les eaux et qu'ils ont du se dire avec mon père \"Oh putain, c'est maintenant !\"",
        "image": null,
        "audio": null,
        "video": null
      },
      {
        "question": "Qui a été la première personne à te prendre dans ses bras ?",
        "reponse": "Ma mère je pense (j'espère !) ",
        "image": null,
        "audio": null,
        "video": null
      },
      {
        "question": "Qui étaient tes parents ? Comment les décrirais-tu en tant que personnes ?",
        "reponse": "2 personnes complexes, brutalisées par la vie et pas indemnes. Je préfère ne pas me prononcer de trop sur qui ils étaient car je crois qu'ensemble, ils étaient différents : amoureux à l'extrême, ça aurait pu finir en crime passionnel je pense.Ils étaient aussi indispensables l'un pour l'autre que nocif : quand le remède fait le poison, c'est jamais bon.ça marche pour les vaccins parceque c'est dosé...Or, eux, ne savaient pas trop doser. Ils ont eu tous les 2 une très belle ascension sociale quand ils étaient ensemble. Mon père était un enfant de la DDASS et ma mère a été déracinée dAlgérie. D'une certaine manière, leurs enfance ont été cabossées. Vers la trentaine, en se mettant ensemble, ils avaient tout : l'entourage, l'argent, l'amour... et beaucoup de talent je trouve",
        "image": null,
        "audio": null,
        "video": null
      },
      {
        "question": "Quelle relation avais-tu avec eux pendant ton enfance et ton adolescence ?",
        "reponse": "Pendant l'enfance, ça a été très compliqué.A partir de mes 4 ans, après le divorce, je n'ai plus vu mon père que par intermittence et je vivais avec ma mère et mon grand père.Ma mère était en invalidité pour dépression nerveuse et on avait pas un sou devant nous.La dèche....Puis vers mes 9 ans ma mère a rencontré Alain et sa vie a repris de la couleur et j'ai aussi revu mon père qui était dans une nouvelle ascension pro.L'écart social était immense : je vivais dans une maison à St Romain où l'on avait presque rien et le week end chez mon père dans un appartement de 140 m2 aux terreaux, sublime.ça a été le top de 1989 à 1993 environ.En août 1993, une histoire de famille a tout foutu par terre, j'ai plus vu mon père juqu'en 2006",
        "image": {
          "name": "img_0_12_1753861568377_2.jpg",
          "type": "image/jpeg",
          "tempUrl": "blob:https://prismmo.fr/a32f3ec3-4192-4745-901d-1a3d00d8754f",
          "serverUrl": "/data/image_0_12_1753861568.jpg"
        },
        "audio": null,
        "video": null
      },
      {
        "question": "As-tu un souvenir spécial avec ta mère ou ton père que tu gardes précieusement dans ton cœur ?",
        "reponse": "Avec ma mère, j'ai des souvenirs intenses dans le bon comme dans le moins bon.on était fusionnels quand j'étais petit mais elle était bien souffrante psychologiquement et elle m'a beaucou parentalisé.Avec mon père, j'ai le souvenir d'être allé à Rome quand j'avais 11 ans.Les week end chez lui étaient magiques.",
        "image": {
          "name": "img_0_13_1753861594717_1 - Copie.jpg",
          "type": "image/jpeg",
          "tempUrl": "blob:https://prismmo.fr/7142245e-2659-442a-85ae-0f3ea2096df6",
          "serverUrl": "/data/image_0_13_1753861594.jpg"
        },
        "audio": null,
        "video": null
      },
      {
        "question": "Qui étaient tes grands-parents ? Les as-tu connus ? Quelles histoires te racontaient-ils ?",
        "reponse": "Du côté de ma mère, mes grands parents se sont connus et mariés en Algérie.D'origine espagnole, ils avaient une épicerie et une fois rapatriés en France, ils en ont eu une autre.Ils avaient un contrat avec l'armée.Ma grand emère était très active apparemment et mon grand père très détendu.\nDu côté de mon père, mon grand père était chanteur et il a mis mon père à la DDASS quand il a quitté ma grand mère pour uen autre femme.Ma mère appelait cette nouvelle femme Caialla, ça veut dire jument.Après, elle avait des dents outrageusement en avant, c'est vrai.Ma grand mère paternelle, je ne l'ai pas connue.Elle s'appelait Léontine.",
        "image": null,
        "audio": null,
        "video": null
      },
      {
        "question": "Y avait-il des traditions familiales importantes que vous suiviez chaque année ?",
        "reponse": "Pas particulièrement, apparemment les noëls étaient majestueux quand ma grand mère était vivante mais j'avais seulement 3 ans quand elle est partie donc j'ai pas vraiment connu.",
        "image": null,
        "audio": null,
        "video": null
      },
      {
        "question": "Quelles étaient les valeurs les plus importantes que ta famille t’a transmises ?",
        "reponse": "L'humilité et la force de persuasion.",
        "image": {
          "name": "img_0_16_1753861668687_12 ans.jpg",
          "type": "image/jpeg",
          "tempUrl": "blob:https://prismmo.fr/b9630772-674f-483b-b7d4-4d9a7c691aa1",
          "serverUrl": "/data/image_0_16_1753861668.jpg"
        },
        "audio": null,
        "video": null
      },
      {
        "question": "Si tu pouvais revenir un seul jour dans ta famille d’autrefois, que ferais-tu ?",
        "reponse": "Je dirais à ma mère de ne pas épouser mon père ou alors j'empêcherai mon père de commettre des actes qui ont tout détruit",
        "image": null,
        "audio": null,
        "video": null
      },
      {
        "question": "Y avait-il quelqu’un dans ta famille avec une habitude ou un comportement drôle qui te faisait rire ?",
        "reponse": "",
        "image": null,
        "audio": null,
        "video": null
      },
      {
        "question": "Y avait-il une phrase typique que tes parents ou grands-parents répétaient souvent ?",
        "reponse": "Quand je me faisais mal, petit, mon grand père me disait toujours une phrase en espagnol qui voulait dire \"Pars douleur, Pars douleur, si tu  ne pars pas aujourd'hui, tu partiras demain\".\nIl y a aussi beaucoup de phrases (et d'insultes) typiquement pied noires dont je me souviens.L'accent aussi : c'est très proche de l'accent juif.\nLe dialecte pied noir s'appelle le pataouète",
        "image": {
          "name": "img_0_19_1753862020120_2025-06-03 18.49.44.jpg",
          "type": "image/jpeg",
          "tempUrl": "blob:https://prismmo.fr/67a0fcbf-fd68-44b3-88b0-f448873c9988",
          "serverUrl": "/data/image_0_19_1753862020.jpg"
        },
        "audio": null,
        "video": null
      },
      {
        "question": "Si tu pouvais inviter toute ta famille du passé à dîner, quelle serait l’ambiance et de quoi parleriez-vous ?",
        "reponse": "L'ambiance serait très chaleureuse du côté de ma mère, en bons méditérranéens.Du côté de mon père, je pense qu'il y aurait des comptes à régler",
        "image": null,
        "audio": null,
        "video": {
          "name": "vid_0_20_1753301189659_devinette.mp4",
          "type": "video/mp4",
          "tempUrl": "blob:null/801a9420-9383-4735-b7d7-d736b1acb464"
        }
      }
    ]
  },
  {
    "theme": "Enfance et scolarité",
    "questions": [
      {
        "question": "Quel est le tout premier souvenir dont tu te rappelles ?",
        "reponse": "Quand j'avais 4 ou 5 ans et j'ai pissé sur la voisine, Angélique Karakachian.Je la trouvais super belle.J'ai perdu ce mauvais reflexe d'uriner sur les jolies filles par la suite.",
        "image": null,
        "audio": null,
        "video": null
      },
      {
        "question": "Quelles étaient les choses qui te rendaient le plus heureux étant enfant ?",
        "reponse": "Manger et voir que finalement, ma mère était encore là quand je rentrais de l'école car elle menaçait souvent de se supprimer.Je restais avec ça toute la matinée ou l'après midi à l'école.C'était angoissant.",
        "image": null,
        "audio": null,
        "video": null
      },
      {
        "question": "T’a-t-on raconté comment tu as fait tes premiers pas ?",
        "reponse": "Non mais par contre, je sais qu'avant de marché, j'ai surtout glissé en rampant sur des vynile.Puis j'ai marché à 4 pattes : je mangeais les petites crottes des chiens en croyant que c'était de olives.J'ai aussi bu de la javel vers mes 3 ans et mangé du sable à chaque putain de fois que j'ai vu la mer avant mes 8 ans.",
        "image": null,
        "audio": null,
        "video": null
      },
      {
        "question": "Était-ce un moment émouvant pour ceux qui t’ont vu marcher ?",
        "reponse": "",
        "image": null,
        "audio": null,
        "video": null
      },
      {
        "question": "As-tu eu un objet spécial ou une peluche à laquelle tu étais particulièrement attaché ?",
        "reponse": "J'adorais les big Jim et les personnages de Musclor.J'étais le client idéal pour ce sjouets : le dessin animé Musclor a été créé pour écouler les figurines du même nom fabriquées par Mattel.Ils sont forts ces américains.J'avais pas trop de figure paternelle à al maison comme je ne voyais plus mon père que par périodes de mes 5 à mes 9 ans.Du coup, Musclor, ça faisait l'affaire",
        "image": null,
        "audio": null,
        "video": null
      },
      {
        "question": "Y a-t-il un moment de ta petite enfance que tu aimerais revivre, même juste un instant ?",
        "reponse": "Oui mon année de 5ème, j'étais heureux : j'avais maigri et ma mère s'était remariée.ça s'était apaisé avec mon père, tout allait bien.",
        "image": null,
        "audio": null,
        "video": null
      },
      {
        "question": "Y a-t-il une anecdote drôle que tes parents racontaient toujours à ton sujet ?",
        "reponse": "En maternelle, je me brûlais presque tous les jours avec le lait que nous donnait la maîtresse.A l'époque, le sous des école offrait ce lait pour être sûr qu'aucun enfant ne manque de rien : t'inquiète que j'avais bien compris le manèege J'étais tellement glouton que je pouvais pas attendre et le lait chocolaté devait être à une température proche de la lave.Donc chaque jour, je me cramais la langue et les lèvres.",
        "image": null,
        "audio": null,
        "video": null
      },
      {
        "question": "Quel était ton jeu préféré quand tu étais enfant, et avec qui y jouais-tu ?",
        "reponse": "Je jouais aux pneus à la maternelle : on avait des pneus qu'on faisait rouler.On devait être 60 gosses et il y avait environ 20 pneus : j'en avas rarement",
        "image": null,
        "audio": null,
        "video": null
      },
      {
        "question": "Avais-tu un endroit spécial où tu aimais jouer ou te réfugier ?",
        "reponse": "Je jouais souvent dans le terrain vague au milieu du lotissement avec mon frère Fabien.Je faisais exprès d'envoyer le ballon chez mme De Martini parce qu'elle m'offrait toujours des mars, des lions...Elle m'aimait bien et son fils, Yves, était le chéri de ma soeur Chantal",
        "image": null,
        "audio": null,
        "video": null
      },
      {
        "question": "Quelle a été l’aventure la plus excitante que tu aies vécue enfant ?",
        "reponse": "Avec Manu, on a voulu jouer aux goonies, c'est à l'époque où il m'entrainait dans son chemin de terre pour que je perde du poids et plaire à sa soeur Sonia dont j'étais amoureux (j'avais volé des bijoux à ma mère pour les lui offrir mais elle même les avait v=certainement volés au marché ou la fouillerie, donc c'était pas du vol).On était partis à l'aventure et on avait exploré des coins paumés de St Romain.A un moment, on s'est retrouvés dans un enclos et un taureau m'a chargé.Si Manu m'avais pas arraché du barbelé où j'étais coincé avec mon jogging violet, j'étais mort.",
        "image": null,
        "audio": null,
        "video": null
      },
      {
        "question": "As-tu déjà construit quelque chose de spécial, comme une cabane ou une maison de poupée ?",
        "reponse": "Je fabriquait des robots avec des mange disque qui valaient une fortune",
        "image": null,
        "audio": null,
        "video": null
      },
      {
        "question": "Y avait-il un rêve ou un souhait qui te semblait incroyablement important quand tu étais petit ?",
        "reponse": "Je rêvais d'être heureux et paisible quand je serais grand.La paix me semblait un luxe incroyable quand j'étais petit : j'avais l'impression de vivre sur du charbon ardent, je me demandais pas si une galère arriver mais juste laquelle",
        "image": null,
        "audio": null,
        "video": null
      },
      {
        "question": "Si tu pouvais revivre un après-midi de ton enfance, lequel choisirais-tu et pourquoi ?",
        "reponse": "Un mercredi après midi avec Manu à regarder Rocky IV et à aller s'entrainer après pour devenir musclés ou à regarder Freddy les griffes de la nuit pour pas dormir le soir.\"Un, deux, Freddy te couperas en deux...3,4, remonte chez toi 4 à 4...5,6, n'oublie pas ton crucifix\"",
        "image": null,
        "audio": null,
        "video": null
      },
      {
        "question": "As-tu déjà fait une bêtise épique qui a mis tes parents en colère ?",
        "reponse": "Oui j'ai voulu me faire des pneus à clous avec mon vélo neuf : j'ai planté des vrais clous dedans...Je l'avais depuis 1 heure, il était mort",
        "image": null,
        "audio": null,
        "video": null
      },
      {
        "question": "Y avait-il une friandise ou un goûter que tu essayais toujours de voler en cachette ?",
        "reponse": "Oui, du Nutella : ma mère le rationnait, on avait le droit à une cuillère à soupe par jour.Faut voir comment je me levais la nuit sans aucune discrétion pour essayer d'en voler dans ce putain de placard métallique qui grinçait avant même que je le touche",
        "image": null,
        "audio": null,
        "video": null
      },
      {
        "question": "T’est-il déjà arrivé de faire semblant d’être malade pour ne pas aller à l’école ? Comment ça s’est terminé ?",
        "reponse": "Petit, jamais : l'école était mon refuge.j'avais une boule au ventre quand je devais rentrer à la maison.J'aurais voulu y passer ma vie, les vacances me foutaient le cafard.Puis vers 9 ou 10 ans, j'ai commencé à sortir et avoir plein de potes, mais je suis resté scolaire jusqu'au Lycée.Là, j'ai rattrappé le retard, j'ai eu jusqu'à 65% de taux d'absneteisme en 2ème année de BTS.",
        "image": null,
        "audio": null,
        "video": null
      },
      {
        "question": "Aimais-tu aller à l’école ? Quel était ton état d’esprit le premier jour ?",
        "reponse": "J'adorais la rentrée, l'odeur de la salle de classe, des affaires neuves",
        "image": null,
        "audio": null,
        "video": null
      },
      {
        "question": "Avais-tu une matière préférée ? Et une que tu ne supportais pas ?",
        "reponse": "Je détestais l'EPS, c'était humiliant parce que j'étais pathétique en sport.J'adorais la poésie parce que je touchais ma bille en dessin.J'en étais arrivé à reproduire des peintures connues de manière assez bluffante.",
        "image": null,
        "audio": null,
        "video": null
      },
      {
        "question": "As-tu eu un(e) enseignant(e) qui a marqué ta vie ?",
        "reponse": "Il y en a plusieurs mais la première c'est ma maitresse de CE2, Mme GAGET : un mélange de bon coeur et de fermeté très rassurant.Je l'aimais beaucoup et elle me trouvais du talent, ça me faisait du bien",
        "image": null,
        "audio": null,
        "video": null
      },
      {
        "question": "Comment étaient tes camarades de classe ? As-tu gardé des amitiés durables ?",
        "reponse": "Mes amis d'aujourd'hui sont des gars qui étaient mes potes déjà en primaire voire maternelle : Manu, Pascal, Carine, Rémi, Yannick, Tony...",
        "image": {
          "name": "img_1_19_1754336996692_12 ans.jpg",
          "type": "image/jpeg",
          "tempUrl": "blob:https://prismmo.fr/3d657cb7-dbd1-4471-b138-e2077b900b92",
          "serverUrl": "/data/image_1_19_1754336997.jpg"
        },
        "audio": null,
        "video": null
      },
      {
        "question": "Y a-t-il eu un épisode à l’école qui t’a appris une grande leçon ?",
        "reponse": "Une fois j'étais sûr que c'était Mardi gras et je suis donc allé en kimono de Judo à l'école, alors que tout le monde me disait que c'était la semaine suivante.J'étais sûr d'avoir raison et j'ai donc passé la jorunée entière déguisé en judoka alors que c'était un mardi random, pas du tout mardi gras.J'ai appris que même quand on est sûr, on peut se tromper.",
        "image": {
          "name": "img_1_20_1754337146875_IMG_20200730_123215.jpg",
          "type": "image/jpeg",
          "tempUrl": "blob:https://prismmo.fr/db8c90d4-54ae-4987-bd08-fe196deeb9f7",
          "serverUrl": "/data/image_1_20_1754337147.jpg"
        },
        "audio": null,
        "video": null
      },
      {
        "question": "T’est-il déjà arrivé de faire une bêtise à l’école ?",
        "reponse": "",
        "image": null,
        "audio": null,
        "video": null
      },
      {
        "question": "Quelle a été ton excuse la plus créative pour ne pas faire tes devoirs ?",
        "reponse": "",
        "image": null,
        "audio": null,
        "video": null
      }
    ]
  },
  {
    "theme": "Adolescence, passions et rêves",
    "questions": [
      {
        "question": "As-tu vécu le passage de l’enfance à l’adolescence comme une période facile ou compliquée ?",
        "reponse": "",
        "image": null,
        "audio": null,
        "video": null
      },
      {
        "question": "Quelles étaient tes passions ou tes loisirs à l’adolescence ? Ont-ils influencé ta vie d’adulte ?",
        "reponse": "",
        "image": null,
        "audio": null,
        "video": null
      },
      {
        "question": "Y a-t-il eu un moment où tu as senti que tu n’étais plus un enfant ?",
        "reponse": "",
        "image": null,
        "audio": null,
        "video": null
      },
      {
        "question": "Comment vivais-tu les émotions à cette époque ? Y avait-il quelque chose que tu avais du mal à exprimer ?",
        "reponse": "",
        "image": null,
        "audio": null,
        "video": null
      },
      {
        "question": "Quelle chanson, film ou livre t’a marqué pendant ton adolescence ?",
        "reponse": "",
        "image": null,
        "audio": null,
        "video": null
      },
      {
        "question": "Y a-t-il un souvenir marquant de ton premier amour ou de tes premières émotions fortes ?",
        "reponse": "",
        "image": null,
        "audio": null,
        "video": null
      },
      {
        "question": "Comment te voyais-tu à l’adolescence ? Te sentais-tu sûr de toi ou rempli d’insécurités ?",
        "reponse": "",
        "image": null,
        "audio": null,
        "video": null
      },
      {
        "question": "As-tu connu un moment de rébellion ? Qu’as-tu fait qui te fait sourire aujourd’hui ?",
        "reponse": "",
        "image": null,
        "audio": null,
        "video": null
      },
      {
        "question": "Quel a été ton premier amour ? Te souviens-tu de ce que tu as ressenti ?",
        "reponse": "",
        "image": null,
        "audio": null,
        "video": null
      },
      {
        "question": "Si tu pouvais donner un conseil à ton \"toi\" adolescent, quel serait-il ?",
        "reponse": "",
        "image": null,
        "audio": null,
        "video": null
      },
      {
        "question": "Y avait-il une chanson ou un artiste que tu écoutais en boucle ?",
        "reponse": "",
        "image": null,
        "audio": null,
        "video": null
      },
      {
        "question": "Si tu pouvais revivre une journée de ton adolescence, laquelle choisirais-tu et pourquoi ?",
        "reponse": "",
        "image": null,
        "audio": null,
        "video": null
      },
      {
        "question": "Quelle a été la première véritable passion que tu as découverte dans ta vie ?",
        "reponse": "",
        "image": null,
        "audio": null,
        "video": null
      },
      {
        "question": "Y a-t-il un hobby ou une activité que tu pratiques depuis ton jeune âge et qui te passionne encore aujourd’hui ?",
        "reponse": "",
        "image": null,
        "audio": null,
        "video": null
      },
      {
        "question": "Comment t’es-tu intéressé à la musique, aux livres ou au sport ? Y a-t-il eu un moment déclencheur ?",
        "reponse": "",
        "image": null,
        "audio": null,
        "video": null
      },
      {
        "question": "As-tu déjà rêvé de transformer ta passion en métier ? L’as-tu tenté ?",
        "reponse": "",
        "image": null,
        "audio": null,
        "video": null
      },
      {
        "question": "Quelle a été l’activité qui t’a procuré le plus de satisfaction et que tu referais sans hésiter ?",
        "reponse": "",
        "image": null,
        "audio": null,
        "video": null
      },
      {
        "question": "As-tu déjà mis de côté une passion par manque de temps ou pour d’autres priorités ? Aimerais-tu la reprendre ?",
        "reponse": "",
        "image": null,
        "audio": null,
        "video": null
      },
      {
        "question": "Si tu pouvais transmettre une de tes passions à tes enfants, laquelle choisirais-tu et pourquoi ?",
        "reponse": "",
        "image": null,
        "audio": null,
        "video": null
      },
      {
        "question": "As-tu déjà essayé un hobby qui a été un désastre total ?",
        "reponse": "",
        "image": null,
        "audio": null,
        "video": null
      },
      {
        "question": "Si tu pouvais participer à un concours de talents avec une de tes compétences, laquelle choisirais-tu ?",
        "reponse": "",
        "image": null,
        "audio": null,
        "video": null
      },
      {
        "question": "Y a-t-il une activité qui te détend complètement et te fait sentir en paix avec toi-même ?",
        "reponse": "",
        "image": null,
        "audio": null,
        "video": null
      },
      {
        "question": "Quels sont les rêves et les espoirs que tu as pour l’avenir de tes enfants ?",
        "reponse": "",
        "image": null,
        "audio": null,
        "video": null
      },
      {
        "question": "Si tu pouvais laisser un message à ton toi du futur, que lui dirais-tu ?",
        "reponse": "",
        "image": null,
        "audio": null,
        "video": null
      },
      {
        "question": "Si tu pouvais voyager dans le temps, irais-tu dans le passé ou dans le futur ? Où et pourquoi ?",
        "reponse": "",
        "image": null,
        "audio": null,
        "video": null
      },
      {
        "question": "Y a-t-il une activité ou une expérience insolite que tu aimerais encore vivre, comme sauter en parachute ou apprendre à jouer d’un instrument ?",
        "reponse": "",
        "image": null,
        "audio": null,
        "video": null
      },
      {
        "question": "Si demain tu pouvais te réveiller avec une nouvelle compétence ou un super pouvoir, lequel choisirais-tu ?",
        "reponse": "",
        "image": null,
        "audio": null,
        "video": null
      }
    ]
  },
  {
    "theme": "Travail, défis et conseils",
    "questions": [
      {
        "question": "Te souviens-tu de ce que tu as ressenti en recevant ton premier salaire ? Qu’en as-tu fait ?",
        "reponse": "",
        "image": null,
        "audio": null,
        "video": null
      },
      {
        "question": "Comment s’est passé ton premier jour de travail ? Avais-tu peur, étais-tu enthousiaste ou les deux ?",
        "reponse": "",
        "image": null,
        "audio": null,
        "video": null
      },
      {
        "question": "Qu’as-tu appris de cette première expérience ? Cela t’a-t-il servi dans la vie ?",
        "reponse": "",
        "image": null,
        "audio": null,
        "video": null
      },
      {
        "question": "Y a-t-il eu un moment où tu as pensé tout arrêter ? Qu’est-ce qui t’a poussé à continuer ?",
        "reponse": "",
        "image": null,
        "audio": null,
        "video": null
      },
      {
        "question": "Comment as-tu géré les premières vraies responsabilités de la vie adulte ?",
        "reponse": "",
        "image": null,
        "audio": null,
        "video": null
      },
      {
        "question": "Si tu pouvais revenir en arrière et donner un conseil à ton toi-même qui débutait dans le monde du travail, que dirais-tu ?",
        "reponse": "",
        "image": null,
        "audio": null,
        "video": null
      },
      {
        "question": "Quel a été le plus grand défi que tu as affronté dans ta vie ?",
        "reponse": "",
        "image": null,
        "audio": null,
        "video": null
      },
      {
        "question": "Comment t’es-tu senti dans les moments difficiles et qu’est-ce qui t’a aidé à continuer ?",
        "reponse": "",
        "image": null,
        "audio": null,
        "video": null
      },
      {
        "question": "Y a-t-il eu un échec qui, avec le recul, s’est révélé être une précieuse leçon ?",
        "reponse": "",
        "image": null,
        "audio": null,
        "video": null
      },
      {
        "question": "As-tu déjà dû repartir de zéro ? Comment as-tu vécu cette période ?",
        "reponse": "",
        "image": null,
        "audio": null,
        "video": null
      },
      {
        "question": "Quelle a été la décision la plus difficile que tu aies dû prendre ?",
        "reponse": "",
        "image": null,
        "audio": null,
        "video": null
      },
      {
        "question": "Y a-t-il une personne qui t’a aidé à un moment difficile et que tu n’oublieras jamais ?",
        "reponse": "",
        "image": null,
        "audio": null,
        "video": null
      },
      {
        "question": "Si tu pouvais parler à ton toi du passé pendant le moment le plus difficile de ta vie, que lui dirais-tu ?",
        "reponse": "",
        "image": null,
        "audio": null,
        "video": null
      },
      {
        "question": "As-tu déjà affronté un défi qui te semblait énorme à l’époque, mais qui s’est révélé plus simple que prévu avec le temps ?",
        "reponse": "",
        "image": null,
        "audio": null,
        "video": null
      },
      {
        "question": "Y a-t-il eu un moment où tu as essayé quelque chose de nouveau et cela a été un désastre total ?",
        "reponse": "",
        "image": null,
        "audio": null,
        "video": null
      },
      {
        "question": "Si tu devais décrire les défis de ta vie avec le titre d’un film ou d’un livre, lequel choisirais-tu ?",
        "reponse": "",
        "image": null,
        "audio": null,
        "video": null
      },
      {
        "question": "Quelle est la leçon la plus importante que tu aies apprise dans ta vie et que tu aimerais transmettre ?",
        "reponse": "",
        "image": null,
        "audio": null,
        "video": null
      },
      {
        "question": "Si tu ne pouvais donner qu’un seul conseil pour affronter les difficultés, quel serait-il ?",
        "reponse": "",
        "image": null,
        "audio": null,
        "video": null
      },
      {
        "question": "Qu’est-ce que l’expérience t’a appris sur les relations, l’amour et l’importance des gens dans la vie ?",
        "reponse": "",
        "image": null,
        "audio": null,
        "video": null
      },
      {
        "question": "Quel a été le meilleur conseil que tu aies jamais reçu, et qui a fait la différence pour toi ?",
        "reponse": "",
        "image": null,
        "audio": null,
        "video": null
      },
      {
        "question": "Qu’aimerais-tu que tes enfants se rappellent toujours, peu importe ce qui arrive dans leur vie ?",
        "reponse": "",
        "image": null,
        "audio": null,
        "video": null
      },
      {
        "question": "Quel est le voyage que tu as toujours voulu faire mais que tu n’as jamais eu l’occasion de faire ?",
        "reponse": "",
        "image": null,
        "audio": null,
        "video": null
      },
      {
        "question": "Si tu avais la possibilité d’apprendre quelque chose de complètement nouveau, que choisirais-tu ?",
        "reponse": "",
        "image": null,
        "audio": null,
        "video": null
      },
      {
        "question": "Quel objectif personnel aimerais-tu encore atteindre dans ta vie ?",
        "reponse": "",
        "image": null,
        "audio": null,
        "video": null
      },
      {
        "question": "Y a-t-il une expérience que tu n’as jamais vécue mais que tu aimerais tenter au moins une fois ?",
        "reponse": "",
        "image": null,
        "audio": null,
        "video": null
      },
      {
        "question": "Y a-t-il un rêve que tu as toujours eu mais que tu n’as pas encore réalisé ?",
        "reponse": "",
        "image": null,
        "audio": null,
        "video": null
      },
      {
        "question": "Selon toi, comment peut-on trouver le bonheur, indépendamment des circonstances ?",
        "reponse": "",
        "image": null,
        "audio": null,
        "video": null
      },
      {
        "question": "Si tu pouvais écrire une lettre à ton toi plus jeune avec trois conseils essentiels, que dirais-tu ?",
        "reponse": "",
        "image": null,
        "audio": null,
        "video": null
      },
      {
        "question": "Si tu pouvais inventer une \"règle de vie\" amusante mais utile, quelle serait-elle ?",
        "reponse": "",
        "image": null,
        "audio": null,
        "video": null
      },
      {
        "question": "Y a-t-il un dicton, une phrase ou une blague que tu répètes souvent et que tu veux transmettre à tes enfants ?",
        "reponse": "",
        "image": null,
        "audio": null,
        "video": null
      },
      {
        "question": "Si tu pouvais donner un seul conseil à tes enfants pour vivre la vie avec légèreté, quel serait-il ?",
        "reponse": "",
        "image": null,
        "audio": null,
        "video": null
      }
    ]
  },
  {
    "theme": "Relations, amour, parentalité",
    "questions": [
      {
        "question": "Qui a été la première personne à avoir eu un impact significatif dans ta vie ?",
        "reponse": "",
        "image": null,
        "audio": null,
        "video": null
      },
      {
        "question": "Quelles étaient les valeurs les plus importantes que tu recherchais dans une relation ou une amitié ?",
        "reponse": "",
        "image": null,
        "audio": null,
        "video": null
      },
      {
        "question": "As-tu déjà dû dire adieu à quelqu’un d’important pour toi ? Comment as-tu vécu ce moment ?",
        "reponse": "",
        "image": null,
        "audio": null,
        "video": null
      },
      {
        "question": "Si tu pouvais revivre un moment avec une personne qui n’est plus là, lequel serait-ce ?",
        "reponse": "",
        "image": null,
        "audio": null,
        "video": null
      },
      {
        "question": "As-tu déjà écrit ou reçu une lettre d’amour qui a fait battre ton cœur ?",
        "reponse": "",
        "image": null,
        "audio": null,
        "video": null
      },
      {
        "question": "Comment as-tu affronté les changements et les défis dans tes relations les plus importantes ?",
        "reponse": "",
        "image": null,
        "audio": null,
        "video": null
      },
      {
        "question": "Si tu as eu plusieurs relations importantes, que t’a appris chacune d’elles ?",
        "reponse": "",
        "image": null,
        "audio": null,
        "video": null
      },
      {
        "question": "Quelles sont les valeurs fondamentales que tu as toujours cherché à préserver dans une relation ?",
        "reponse": "",
        "image": null,
        "audio": null,
        "video": null
      },
      {
        "question": "Si tu pouvais revenir en arrière et donner un conseil à ton toi plus jeune concernant les relations, quel serait-il ?",
        "reponse": "",
        "image": null,
        "audio": null,
        "video": null
      },
      {
        "question": "Quel a été le moment le plus drôle ou embarrassant vécu dans une relation ou avec un(e) ami(e) ?",
        "reponse": "",
        "image": null,
        "audio": null,
        "video": null
      },
      {
        "question": "Si tu pouvais organiser un dîner avec toutes les personnes les plus importantes de ta vie, qui inviterais-tu et pourquoi ?",
        "reponse": "",
        "image": null,
        "audio": null,
        "video": null
      },
      {
        "question": "Comment as-tu vécu le moment où tu as décidé de construire quelque chose de solide avec quelqu’un ?",
        "reponse": "",
        "image": null,
        "audio": null,
        "video": null
      },
      {
        "question": "Quels ont été les plus beaux moments et les plus difficiles dans le parcours de construction d’une famille ou d’une relation importante ?",
        "reponse": "",
        "image": null,
        "audio": null,
        "video": null
      },
      {
        "question": "Qu’as-tu appris sur les relations et la vie de couple que tu aimerais transmettre ?",
        "reponse": "",
        "image": null,
        "audio": null,
        "video": null
      },
      {
        "question": "Si tu pouvais recommencer à zéro avec l’expérience que tu as aujourd’hui, que ferais-tu différemment dans ta vie relationnelle ?",
        "reponse": "",
        "image": null,
        "audio": null,
        "video": null
      },
      {
        "question": "Y a-t-il eu une situation drôle ou embarrassante au début d'une relation qui te fait encore sourire aujourd'hui ?",
        "reponse": "",
        "image": null,
        "audio": null,
        "video": null
      },
      {
        "question": "Quelle a été la première chose que tu as dû apprendre (ou accepter) en vivant avec un partenaire ?",
        "reponse": "",
        "image": null,
        "audio": null,
        "video": null
      },
      {
        "question": "Si tu pouvais revivre un moment de joie pure avec une personne chère, lequel choisirais-tu ?",
        "reponse": "",
        "image": null,
        "audio": null,
        "video": null
      },
      {
        "question": "Quelle a été ta première réaction lorsque tu as appris que tu allais devenir père ?",
        "reponse": "",
        "image": null,
        "audio": null,
        "video": null
      },
      {
        "question": "Comment as-tu vécu les mois de grossesse ? Qu’est-ce qui t’a le plus surpris pendant cette période ?",
        "reponse": "",
        "image": null,
        "audio": null,
        "video": null
      },
      {
        "question": "Avais-tu des peurs ou des doutes pendant que tu attendais ton premier enfant ?",
        "reponse": "",
        "image": null,
        "audio": null,
        "video": null
      },
      {
        "question": "As-tu fait quelque chose de spécial pour te préparer à être père ?",
        "reponse": "",
        "image": null,
        "audio": null,
        "video": null
      },
      {
        "question": "Quel a été le moment le plus émouvant de cette attente, celui dont tu te souviens encore avec une grande émotion ?",
        "reponse": "",
        "image": null,
        "audio": null,
        "video": null
      },
      {
        "question": "Comment tes priorités et ta vision de la vie ont-elles changé pendant ces mois ?",
        "reponse": "",
        "image": null,
        "audio": null,
        "video": null
      },
      {
        "question": "Si tu pouvais revenir à ces jours, y a-t-il quelque chose que tu ferais différemment ?",
        "reponse": "",
        "image": null,
        "audio": null,
        "video": null
      },
      {
        "question": "As-tu eu une réaction étrange ou un geste drôle en apprenant la grande nouvelle ?",
        "reponse": "",
        "image": null,
        "audio": null,
        "video": null
      },
      {
        "question": "Y a-t-il eu un moment amusant ou embarrassant pendant la grossesse qui te fait encore rire aujourd’hui ?",
        "reponse": "",
        "image": null,
        "audio": null,
        "video": null
      },
      {
        "question": "Si tu devais décrire l’arrivée de ton premier enfant avec une chanson ou un film, lequel choisirais-tu ?",
        "reponse": "",
        "image": null,
        "audio": null,
        "video": null
      },
      {
        "question": "Quel a été ton ressenti au moment précis où tu as vu ton enfant pour la première fois ?",
        "reponse": "",
        "image": null,
        "audio": null,
        "video": null
      },
      {
        "question": "Te souviens-tu de la première chose que tu as dite ou faite quand tu as appris sa naissance ?",
        "reponse": "",
        "image": null,
        "audio": null,
        "video": null
      },
      {
        "question": "Quelle a été ta première émotion en le regardant dans les yeux ?",
        "reponse": "",
        "image": null,
        "audio": null,
        "video": null
      },
      {
        "question": "Y a-t-il eu un moment pendant l’accouchement ou juste après que tu n’oublieras jamais ?",
        "reponse": "",
        "image": null,
        "audio": null,
        "video": null
      },
      {
        "question": "Comment se sont passés les premiers jours en tant que père ? Te sentais-tu prêt ou dépassé ?",
        "reponse": "",
        "image": null,
        "audio": null,
        "video": null
      },
      {
        "question": "As-tu vécu un moment drôle ou embarrassant durant la naissance ?",
        "reponse": "",
        "image": null,
        "audio": null,
        "video": null
      },
      {
        "question": "Comment as-tu réagi aux premiers pleurs interminables la nuit ?",
        "reponse": "",
        "image": null,
        "audio": null,
        "video": null
      },
      {
        "question": "Si tu devais décrire le jour de naissance de ton enfant en trois mots, quels seraient-ils ?",
        "reponse": "",
        "image": null,
        "audio": null,
        "video": null
      },
      {
        "question": "Qu’est-ce que cela a changé en toi d’être père ? Comment ta vie a-t-elle évolué après la naissance de tes enfants ?",
        "reponse": "",
        "image": null,
        "audio": null,
        "video": null
      },
      {
        "question": "Quel a été un moment où tu t'es senti particulièrement fier comme parent ?",
        "reponse": "",
        "image": null,
        "audio": null,
        "video": null
      }
    ]
  },
  {
    "theme": "Voyages et célébrations",
    "questions": [
      {
        "question": "Quel a été le premier voyage que tu as fait sans ta famille ? Comment t’es-tu senti ?",
        "reponse": "",
        "image": null,
        "audio": null,
        "video": null
      },
      {
        "question": "Y a-t-il un voyage qui t’a profondément marqué ou changé ?",
        "reponse": "",
        "image": null,
        "audio": null,
        "video": null
      },
      {
        "question": "As-tu déjà fait un voyage improvisé sans grand plan ? Comment cela s’est-il passé ?",
        "reponse": "",
        "image": null,
        "audio": null,
        "video": null
      },
      {
        "question": "Quelle était la compagnie de voyage idéale pour toi ?",
        "reponse": "",
        "image": null,
        "audio": null,
        "video": null
      },
      {
        "question": "Y avait-il quelqu’un avec qui tu aurais aimé voyager davantage ?",
        "reponse": "",
        "image": null,
        "audio": null,
        "video": null
      },
      {
        "question": "Si tu pouvais retourner dans un lieu que tu as visité, lequel choisirais-tu et pourquoi ?",
        "reponse": "",
        "image": null,
        "audio": null,
        "video": null
      },
      {
        "question": "As-tu déjà goûté un plat exotique ou étrange pendant un voyage ? T’a-t-il plu ou le regrettes-tu encore ?",
        "reponse": "",
        "image": null,
        "audio": null,
        "video": null
      },
      {
        "question": "Quelle est la photo la plus drôle ou la plus insolite que tu aies prise en voyage ?",
        "reponse": "",
        "image": null,
        "audio": null,
        "video": null
      },
      {
        "question": "Y a-t-il eu une fête qui a marqué un moment important de ta vie ?",
        "reponse": "",
        "image": null,
        "audio": null,
        "video": null
      },
      {
        "question": "Si tu pouvais revivre une seule célébration du passé, laquelle choisirais-tu et pourquoi ?",
        "reponse": "",
        "image": null,
        "audio": null,
        "video": null
      },
      {
        "question": "Quel a été le cadeau le plus étrange ou le plus drôle que tu aies jamais reçu ?",
        "reponse": "",
        "image": null,
        "audio": null,
        "video": null
      },
      {
        "question": "As-tu déjà eu un anniversaire qui a complètement dérapé ?",
        "reponse": "",
        "image": null,
        "audio": null,
        "video": null
      },
      {
        "question": "Quel était le moment le plus attendu ou le rituel le plus amusant des fêtes dans ta famille ?",
        "reponse": "",
        "image": null,
        "audio": null,
        "video": null
      },
      {
        "question": "Si tu ne pouvais laisser qu’un seul enseignement à tes enfants et aux générations futures, quel serait-il ?",
        "reponse": "",
        "image": null,
        "audio": null,
        "video": null
      },
      {
        "question": "Quels sont, selon toi, les valeurs fondamentales pour mener une vie pleine et significative ?",
        "reponse": "",
        "image": null,
        "audio": null,
        "video": null
      },
      {
        "question": "Y a-t-il une phrase, un conseil ou une pensée que tu as toujours portée en toi et que tu aimerais transmettre ?",
        "reponse": "",
        "image": null,
        "audio": null,
        "video": null
      },
      {
        "question": "Qu’aimerais-tu que tes enfants retiennent de toi, au-delà des mots ?",
        "reponse": "",
        "image": null,
        "audio": null,
        "video": null
      },
      {
        "question": "Si tu pouvais écrire une lettre à lire dans 50 ans, que voudrais-tu que les générations futures sachent de toi et de ta vie ?",
        "reponse": "",
        "image": null,
        "audio": null,
        "video": null
      },
      {
        "question": "Quel a été ton secret pour être heureux ou équilibré dans la vie ?",
        "reponse": "",
        "image": null,
        "audio": null,
        "video": null
      },
      {
        "question": "Si tu n’avais qu’une dernière occasion de dire quelque chose à ceux que tu aimes, que leur dirais-tu ?",
        "reponse": "",
        "image": null,
        "audio": null,
        "video": null
      },
      {
        "question": "Si tu pouvais laisser un conseil drôle mais pratique à tes enfants, quel serait-il ?",
        "reponse": "",
        "image": null,
        "audio": null,
        "video": null
      },
      {
        "question": "Y a-t-il une chanson, un livre ou un film qui représente le mieux ta vision de la vie et que tu voudrais faire découvrir aux générations futures ?",
        "reponse": "",
        "image": null,
        "audio": null,
        "video": null
      },
      {
        "question": "Si tu devais décrire ta vie en une seule phrase, quelle serait-elle ?",
        "reponse": "",
        "image": null,
        "audio": null,
        "video": null
      }
    ]
  }
]