[
  {
    "depense": "Leasing E-2008",
    "montant": 169.34,
    "valide": true
  },
  {
    "depense": "EDF MAISON",
    "montant": 320.55,
    "valide": true
  },
  {
    "depense": "ICLOUD APPLE (PAYPAL)",
    "montant": 2.99,
    "valide": true
  },
  {
    "depense": "ICLOUD APPLE (PAYPAL)",
    "montant": 2.99,
    "valide": true
  },
  {
    "depense": "EPARGNE SAMUEL",
    "montant": 100,
    "valide": true
  },
  {
    "depense": "TEL BOUYGUES ANGELIQUE",
    "montant": 8.99,
    "valide": true
  },
  {
    "depense": "TEL YOUPRICE SAMUEL",
    "montant": 9.99,
    "valide": false
  },
  {
    "depense": "TEL BOUYGUES PRISSOU",
    "montant": 8.99,
    "valide": true
  },
  {
    "depense": "TEL 2 PRIXTEL JEROME",
    "montant": 4.99,
    "valide": true
  },
  {
    "depense": "ALLIANZ RP",
    "montant": 254.51,
    "valide": true
  },
  {
    "depense": "EAU SUEZ",
    "montant": 119,
    "valide": false
  },
  {
    "depense": "PRÊT Acquises 2",
    "montant": 204.58,
    "valide": false
  },
  {
    "depense": "ASSURANCE VIE JEROME",
    "montant": 15,
    "valide": false
  },
  {
    "depense": "ASSURANCE VIE ANGELIQUE",
    "montant": 15,
    "valide": false
  },
  {
    "depense": "MICROSOFT ONE DRIVE (PAYPAL)",
    "montant": 2,
    "valide": false
  },
  {
    "depense": "DROPBOX(PAYPAL)",
    "montant": 11.99,
    "valide": false
  },
  {
    "depense": "TEL BOUYGUES JEROME",
    "montant": 9.99,
    "valide": false
  },
  {
    "depense": "LINXEA JEROME 1",
    "montant": 125,
    "valide": false
  },
  {
    "depense": "LINXEA JEROME 2",
    "montant": 125,
    "valide": false
  },
  {
    "depense": "LINXEA DOUNE",
    "montant": 250,
    "valide": false
  },
  {
    "depense": "DIRECT ASSURANCE C4 PICASSO",
    "montant": 33.15,
    "valide": false
  },
  {
    "depense": "Direct Assurance ZAFIRA",
    "montant": 100.49,
    "date": 1,
    "valide": false
  },
  {
    "depense": "DIRECT ASSURANCE E-2008",
    "montant": 83.46,
    "valide": false
  },
  {
    "depense": "CHATGPT",
    "montant": 23,
    "date": 1,
    "valide": false
  },
  {
    "depense": "INTERNET BOX BOUYGUES",
    "montant": 20.99,
    "valide": false
  },
  {
    "depense": "TAXE FONCIERE MAISON",
    "montant": 273,
    "valide": false
  },
  {
    "depense": "GOOGLE DRIVE 2",
    "montant": 2.99,
    "valide": false
  },
  {
    "depense": "MICROSOFT ONE DRIVE (PAYPAL)",
    "montant": 13,
    "valide": false
  },
  {
    "depense": "EDF MAISONNETTE",
    "montant": 89.45,
    "valide": false
  },
  {
    "depense": "NETFLIX",
    "montant": 19.99,
    "valide": false
  },
  {
    "depense": "ICLOUD APPLE (PAYPAL)",
    "montant": 2.99,
    "valide": false
  }
]