{
  "formFields": {
    "import-json": "",
    "Ferry 1_2025_loyer": "7452",
    "Ferry 1_2025_gli": "589",
    "Ferry 1_2025_tf": "484",
    "Ferry 1_2025_ass": "307",
    "Ferry 1_2025_interet": "1466",
    "Ferry 1_2025_autre": "312",
    "Ferry 1_2025_cfe": "323",
    "Ferry 1_2025_compta": "145",
    "Ferry 1_2025_totalCharges": "3626",
    "Ferry 1_2025_amort": "4778",
    "Ferry 1_2025_mob": "500",
    "Ferry 1_2025_total": "8404",
    "Ferry 1_2025_net": "-952",
    "Ferry 1_2026_loyer": "7452",
    "Ferry 1_2026_gli": "589",
    "Ferry 1_2026_tf": "484",
    "Ferry 1_2026_ass": "307",
    "Ferry 1_2026_interet": "1451",
    "Ferry 1_2026_autre": "300",
    "Ferry 1_2026_cfe": "323",
    "Ferry 1_2026_compta": "145",
    "Ferry 1_2026_totalCharges": "3599",
    "Ferry 1_2026_amort": "4778",
    "Ferry 1_2026_mob": "500",
    "Ferry 1_2026_total": "8377",
    "Ferry 1_2026_net": "-925",
    "Ferry 1_2027_loyer": "7452",
    "Ferry 1_2027_gli": "589",
    "Ferry 1_2027_tf": "484",
    "Ferry 1_2027_ass": "307",
    "Ferry 1_2027_interet": "1435",
    "Ferry 1_2027_autre": "300",
    "Ferry 1_2027_cfe": "323",
    "Ferry 1_2027_compta": "145",
    "Ferry 1_2027_totalCharges": "3583",
    "Ferry 1_2027_amort": "4278",
    "Ferry 1_2027_mob": "",
    "Ferry 1_2027_total": "7861",
    "Ferry 1_2027_net": "-409",
    "Ferry 1_2028_loyer": "7452",
    "Ferry 1_2028_gli": "589",
    "Ferry 1_2028_tf": "484",
    "Ferry 1_2028_ass": "307",
    "Ferry 1_2028_interet": "1418",
    "Ferry 1_2028_autre": "300",
    "Ferry 1_2028_cfe": "323",
    "Ferry 1_2028_compta": "145",
    "Ferry 1_2028_totalCharges": "3566",
    "Ferry 1_2028_amort": "4278",
    "Ferry 1_2028_mob": "",
    "Ferry 1_2028_total": "7844",
    "Ferry 1_2028_net": "-392",
    "Ferry 1_2029_loyer": "7452",
    "Ferry 1_2029_gli": "589",
    "Ferry 1_2029_tf": "484",
    "Ferry 1_2029_ass": "307",
    "Ferry 1_2029_interet": "1399",
    "Ferry 1_2029_autre": "300",
    "Ferry 1_2029_cfe": "323",
    "Ferry 1_2029_compta": "145",
    "Ferry 1_2029_totalCharges": "3547",
    "Ferry 1_2029_amort": "4278",
    "Ferry 1_2029_mob": "",
    "Ferry 1_2029_total": "7825",
    "Ferry 1_2029_net": "-373",
    "Ferry 1_2030_loyer": "7452",
    "Ferry 1_2030_gli": "589",
    "Ferry 1_2030_tf": "484",
    "Ferry 1_2030_ass": "307",
    "Ferry 1_2030_interet": "1379",
    "Ferry 1_2030_autre": "300",
    "Ferry 1_2030_cfe": "323",
    "Ferry 1_2030_compta": "145",
    "Ferry 1_2030_totalCharges": "3527",
    "Ferry 1_2030_amort": "4278",
    "Ferry 1_2030_mob": "",
    "Ferry 1_2030_total": "7805",
    "Ferry 1_2030_net": "-353",
    "Ferry 1_2031_loyer": "7452",
    "Ferry 1_2031_gli": "589",
    "Ferry 1_2031_tf": "484",
    "Ferry 1_2031_ass": "307",
    "Ferry 1_2031_interet": "1358",
    "Ferry 1_2031_autre": "300",
    "Ferry 1_2031_cfe": "323",
    "Ferry 1_2031_compta": "145",
    "Ferry 1_2031_totalCharges": "3506",
    "Ferry 1_2031_amort": "4278",
    "Ferry 1_2031_mob": "",
    "Ferry 1_2031_total": "7784",
    "Ferry 1_2031_net": "-332",
    "Ferry 1_2032_loyer": "7452",
    "Ferry 1_2032_gli": "589",
    "Ferry 1_2032_tf": "484",
    "Ferry 1_2032_ass": "307",
    "Ferry 1_2032_interet": "1336",
    "Ferry 1_2032_autre": "300",
    "Ferry 1_2032_cfe": "323",
    "Ferry 1_2032_compta": "145",
    "Ferry 1_2032_totalCharges": "3484",
    "Ferry 1_2032_amort": "4278",
    "Ferry 1_2032_mob": "",
    "Ferry 1_2032_total": "7762",
    "Ferry 1_2032_net": "-310",
    "Ferry 1_2033_loyer": "7452",
    "Ferry 1_2033_gli": "589",
    "Ferry 1_2033_tf": "484",
    "Ferry 1_2033_ass": "307",
    "Ferry 1_2033_interet": "1312",
    "Ferry 1_2033_autre": "300",
    "Ferry 1_2033_cfe": "323",
    "Ferry 1_2033_compta": "145",
    "Ferry 1_2033_totalCharges": "3460",
    "Ferry 1_2033_amort": "4278",
    "Ferry 1_2033_mob": "",
    "Ferry 1_2033_total": "7738",
    "Ferry 1_2033_net": "-286",
    "Ferry 1_2034_loyer": "7452",
    "Ferry 1_2034_gli": "589",
    "Ferry 1_2034_tf": "484",
    "Ferry 1_2034_ass": "307",
    "Ferry 1_2034_interet": "1286",
    "Ferry 1_2034_autre": "300",
    "Ferry 1_2034_cfe": "323",
    "Ferry 1_2034_compta": "145",
    "Ferry 1_2034_totalCharges": "3434",
    "Ferry 1_2034_amort": "4278",
    "Ferry 1_2034_mob": "",
    "Ferry 1_2034_total": "7712",
    "Ferry 1_2034_net": "-260",
    "Ferry 2_2025_loyer": "8064",
    "Ferry 2_2025_gli": "637",
    "Ferry 2_2025_tf": "484",
    "Ferry 2_2025_ass": "307",
    "Ferry 2_2025_interet": "1587",
    "Ferry 2_2025_autre": "150",
    "Ferry 2_2025_cfe": "",
    "Ferry 2_2025_compta": "145",
    "Ferry 2_2025_totalCharges": "3310",
    "Ferry 2_2025_amort": "4888.5",
    "Ferry 2_2025_mob": "900",
    "Ferry 2_2025_total": "8199",
    "Ferry 2_2025_net": "-134",
    "Ferry 2_2026_loyer": "8064",
    "Ferry 2_2026_gli": "637",
    "Ferry 2_2026_tf": "484",
    "Ferry 2_2026_ass": "307",
    "Ferry 2_2026_interet": "1571",
    "Ferry 2_2026_autre": "150",
    "Ferry 2_2026_cfe": "",
    "Ferry 2_2026_compta": "145",
    "Ferry 2_2026_totalCharges": "3294",
    "Ferry 2_2026_amort": "4888.5",
    "Ferry 2_2026_mob": "900",
    "Ferry 2_2026_total": "8183",
    "Ferry 2_2026_net": "-118",
    "Ferry 2_2027_loyer": "8064",
    "Ferry 2_2027_gli": "637",
    "Ferry 2_2027_tf": "484",
    "Ferry 2_2027_ass": "307",
    "Ferry 2_2027_interet": "1553",
    "Ferry 2_2027_autre": "150",
    "Ferry 2_2027_cfe": "",
    "Ferry 2_2027_compta": "145",
    "Ferry 2_2027_totalCharges": "3276",
    "Ferry 2_2027_amort": "3986.5",
    "Ferry 2_2027_mob": "",
    "Ferry 2_2027_total": "7263",
    "Ferry 2_2027_net": "802",
    "Ferry 2_2028_loyer": "8064",
    "Ferry 2_2028_gli": "637",
    "Ferry 2_2028_tf": "484",
    "Ferry 2_2028_ass": "307",
    "Ferry 2_2028_interet": "1534",
    "Ferry 2_2028_autre": "150",
    "Ferry 2_2028_cfe": "",
    "Ferry 2_2028_compta": "145",
    "Ferry 2_2028_totalCharges": "3257",
    "Ferry 2_2028_amort": "3986.5",
    "Ferry 2_2028_mob": "",
    "Ferry 2_2028_total": "7244",
    "Ferry 2_2028_net": "821",
    "Ferry 2_2029_loyer": "8064",
    "Ferry 2_2029_gli": "637",
    "Ferry 2_2029_tf": "484",
    "Ferry 2_2029_ass": "307",
    "Ferry 2_2029_interet": "1514",
    "Ferry 2_2029_autre": "150",
    "Ferry 2_2029_cfe": "",
    "Ferry 2_2029_compta": "145",
    "Ferry 2_2029_totalCharges": "3237",
    "Ferry 2_2029_amort": "3986.5",
    "Ferry 2_2029_mob": "",
    "Ferry 2_2029_total": "7224",
    "Ferry 2_2029_net": "841",
    "Ferry 2_2030_loyer": "8064",
    "Ferry 2_2030_gli": "637",
    "Ferry 2_2030_tf": "484",
    "Ferry 2_2030_ass": "307",
    "Ferry 2_2030_interet": "1493",
    "Ferry 2_2030_autre": "150",
    "Ferry 2_2030_cfe": "",
    "Ferry 2_2030_compta": "145",
    "Ferry 2_2030_totalCharges": "3216",
    "Ferry 2_2030_amort": "3986.5",
    "Ferry 2_2030_mob": "",
    "Ferry 2_2030_total": "7203",
    "Ferry 2_2030_net": "862",
    "Ferry 2_2031_loyer": "8064",
    "Ferry 2_2031_gli": "637",
    "Ferry 2_2031_tf": "484",
    "Ferry 2_2031_ass": "307",
    "Ferry 2_2031_interet": "1470",
    "Ferry 2_2031_autre": "150",
    "Ferry 2_2031_cfe": "",
    "Ferry 2_2031_compta": "145",
    "Ferry 2_2031_totalCharges": "3193",
    "Ferry 2_2031_amort": "3986.5",
    "Ferry 2_2031_mob": "",
    "Ferry 2_2031_total": "7180",
    "Ferry 2_2031_net": "885",
    "Ferry 2_2032_loyer": "8064",
    "Ferry 2_2032_gli": "637",
    "Ferry 2_2032_tf": "484",
    "Ferry 2_2032_ass": "307",
    "Ferry 2_2032_interet": "1445",
    "Ferry 2_2032_autre": "150",
    "Ferry 2_2032_cfe": "",
    "Ferry 2_2032_compta": "145",
    "Ferry 2_2032_totalCharges": "3168",
    "Ferry 2_2032_amort": "3986.5",
    "Ferry 2_2032_mob": "",
    "Ferry 2_2032_total": "7155",
    "Ferry 2_2032_net": "910",
    "Ferry 2_2033_loyer": "8064",
    "Ferry 2_2033_gli": "637",
    "Ferry 2_2033_tf": "484",
    "Ferry 2_2033_ass": "307",
    "Ferry 2_2033_interet": "1420",
    "Ferry 2_2033_autre": "150",
    "Ferry 2_2033_cfe": "",
    "Ferry 2_2033_compta": "145",
    "Ferry 2_2033_totalCharges": "3143",
    "Ferry 2_2033_amort": "3986.5",
    "Ferry 2_2033_mob": "",
    "Ferry 2_2033_total": "7130",
    "Ferry 2_2033_net": "935",
    "Ferry 2_2034_loyer": "8064",
    "Ferry 2_2034_gli": "637",
    "Ferry 2_2034_tf": "484",
    "Ferry 2_2034_ass": "307",
    "Ferry 2_2034_interet": "1392",
    "Ferry 2_2034_autre": "150",
    "Ferry 2_2034_cfe": "",
    "Ferry 2_2034_compta": "145",
    "Ferry 2_2034_totalCharges": "3115",
    "Ferry 2_2034_amort": "3986.5",
    "Ferry 2_2034_mob": "",
    "Ferry 2_2034_total": "7102",
    "Ferry 2_2034_net": "963",
    "Berard_2025_loyer": "7500",
    "Berard_2025_gli": "593",
    "Berard_2025_tf": "742",
    "Berard_2025_ass": "122",
    "Berard_2025_interet": "1476",
    "Berard_2025_autre": "504",
    "Berard_2025_cfe": "",
    "Berard_2025_compta": "145",
    "Berard_2025_totalCharges": "3582",
    "Berard_2025_amort": "3872.5",
    "Berard_2025_mob": "600",
    "Berard_2025_total": "7455",
    "Berard_2025_net": "46",
    "Berard_2026_loyer": "7500",
    "Berard_2026_gli": "593",
    "Berard_2026_tf": "742",
    "Berard_2026_ass": "122",
    "Berard_2026_interet": "1461",
    "Berard_2026_autre": "504",
    "Berard_2026_cfe": "",
    "Berard_2026_compta": "145",
    "Berard_2026_totalCharges": "3567",
    "Berard_2026_amort": "3872.5",
    "Berard_2026_mob": "600",
    "Berard_2026_total": "7440",
    "Berard_2026_net": "61",
    "Berard_2027_loyer": "7500",
    "Berard_2027_gli": "593",
    "Berard_2027_tf": "742",
    "Berard_2027_ass": "122",
    "Berard_2027_interet": "1490",
    "Berard_2027_autre": "504",
    "Berard_2027_cfe": "",
    "Berard_2027_compta": "145",
    "Berard_2027_totalCharges": "3596",
    "Berard_2027_amort": "3272.5",
    "Berard_2027_mob": "",
    "Berard_2027_total": "6869",
    "Berard_2027_net": "632",
    "Berard_2028_loyer": "7500",
    "Berard_2028_gli": "593",
    "Berard_2028_tf": "742",
    "Berard_2028_ass": "122",
    "Berard_2028_interet": "1445",
    "Berard_2028_autre": "504",
    "Berard_2028_cfe": "",
    "Berard_2028_compta": "145",
    "Berard_2028_totalCharges": "3551",
    "Berard_2028_amort": "3272.5",
    "Berard_2028_mob": "",
    "Berard_2028_total": "6824",
    "Berard_2028_net": "677",
    "Berard_2029_loyer": "7500",
    "Berard_2029_gli": "593",
    "Berard_2029_tf": "742",
    "Berard_2029_ass": "122",
    "Berard_2029_interet": "1427",
    "Berard_2029_autre": "504",
    "Berard_2029_cfe": "",
    "Berard_2029_compta": "145",
    "Berard_2029_totalCharges": "3533",
    "Berard_2029_amort": "3272.5",
    "Berard_2029_mob": "",
    "Berard_2029_total": "6806",
    "Berard_2029_net": "695",
    "Berard_2030_loyer": "7500",
    "Berard_2030_gli": "593",
    "Berard_2030_tf": "742",
    "Berard_2030_ass": "122",
    "Berard_2030_interet": "1408",
    "Berard_2030_autre": "504",
    "Berard_2030_cfe": "",
    "Berard_2030_compta": "145",
    "Berard_2030_totalCharges": "3514",
    "Berard_2030_amort": "3272.5",
    "Berard_2030_mob": "",
    "Berard_2030_total": "6787",
    "Berard_2030_net": "714",
    "Berard_2031_loyer": "7500",
    "Berard_2031_gli": "593",
    "Berard_2031_tf": "742",
    "Berard_2031_ass": "122",
    "Berard_2031_interet": "1388",
    "Berard_2031_autre": "504",
    "Berard_2031_cfe": "",
    "Berard_2031_compta": "145",
    "Berard_2031_totalCharges": "3494",
    "Berard_2031_amort": "3272.5",
    "Berard_2031_mob": "",
    "Berard_2031_total": "6767",
    "Berard_2031_net": "734",
    "Berard_2032_loyer": "7500",
    "Berard_2032_gli": "593",
    "Berard_2032_tf": "742",
    "Berard_2032_ass": "122",
    "Berard_2032_interet": "1367",
    "Berard_2032_autre": "504",
    "Berard_2032_cfe": "",
    "Berard_2032_compta": "145",
    "Berard_2032_totalCharges": "3473",
    "Berard_2032_amort": "3272.5",
    "Berard_2032_mob": "",
    "Berard_2032_total": "6746",
    "Berard_2032_net": "755",
    "Berard_2033_loyer": "7500",
    "Berard_2033_gli": "593",
    "Berard_2033_tf": "742",
    "Berard_2033_ass": "122",
    "Berard_2033_interet": "1344",
    "Berard_2033_autre": "504",
    "Berard_2033_cfe": "",
    "Berard_2033_compta": "145",
    "Berard_2033_totalCharges": "3450",
    "Berard_2033_amort": "3272.5",
    "Berard_2033_mob": "",
    "Berard_2033_total": "6723",
    "Berard_2033_net": "778",
    "Berard_2034_loyer": "7500",
    "Berard_2034_gli": "593",
    "Berard_2034_tf": "742",
    "Berard_2034_ass": "122",
    "Berard_2034_interet": "1320",
    "Berard_2034_autre": "504",
    "Berard_2034_cfe": "",
    "Berard_2034_compta": "145",
    "Berard_2034_totalCharges": "3426",
    "Berard_2034_amort": "3272.5",
    "Berard_2034_mob": "",
    "Berard_2034_total": "6699",
    "Berard_2034_net": "802",
    "Eglise T3_2025_loyer": "9540",
    "Eglise T3_2025_gli": "754",
    "Eglise T3_2025_tf": "766",
    "Eglise T3_2025_ass": "900",
    "Eglise T3_2025_interet": "1877",
    "Eglise T3_2025_autre": "",
    "Eglise T3_2025_cfe": "",
    "Eglise T3_2025_compta": "145",
    "Eglise T3_2025_totalCharges": "4442",
    "Eglise T3_2025_amort": "4229",
    "Eglise T3_2025_mob": "600",
    "Eglise T3_2025_total": "8671",
    "Eglise T3_2025_net": "869",
    "Eglise T3_2026_loyer": "9540",
    "Eglise T3_2026_gli": "754",
    "Eglise T3_2026_tf": "766",
    "Eglise T3_2026_ass": "900",
    "Eglise T3_2026_interet": "1848",
    "Eglise T3_2026_autre": "",
    "Eglise T3_2026_cfe": "",
    "Eglise T3_2026_compta": "145",
    "Eglise T3_2026_totalCharges": "4413",
    "Eglise T3_2026_amort": "4229",
    "Eglise T3_2026_mob": "600",
    "Eglise T3_2026_total": "8642",
    "Eglise T3_2026_net": "898",
    "Eglise T3_2027_loyer": "9540",
    "Eglise T3_2027_gli": "754",
    "Eglise T3_2027_tf": "766",
    "Eglise T3_2027_ass": "900",
    "Eglise T3_2027_interet": "1838",
    "Eglise T3_2027_autre": "",
    "Eglise T3_2027_cfe": "",
    "Eglise T3_2027_compta": "145",
    "Eglise T3_2027_totalCharges": "4403",
    "Eglise T3_2027_amort": "3629",
    "Eglise T3_2027_mob": "",
    "Eglise T3_2027_total": "8032",
    "Eglise T3_2027_net": "1508",
    "Eglise T3_2028_loyer": "9540",
    "Eglise T3_2028_gli": "754",
    "Eglise T3_2028_tf": "766",
    "Eglise T3_2028_ass": "900",
    "Eglise T3_2028_interet": "1815",
    "Eglise T3_2028_autre": "",
    "Eglise T3_2028_cfe": "",
    "Eglise T3_2028_compta": "145",
    "Eglise T3_2028_totalCharges": "4380",
    "Eglise T3_2028_amort": "3629",
    "Eglise T3_2028_mob": "",
    "Eglise T3_2028_total": "8009",
    "Eglise T3_2028_net": "1531",
    "Eglise T3_2029_loyer": "9540",
    "Eglise T3_2029_gli": "754",
    "Eglise T3_2029_tf": "766",
    "Eglise T3_2029_ass": "900",
    "Eglise T3_2029_interet": "1791",
    "Eglise T3_2029_autre": "",
    "Eglise T3_2029_cfe": "",
    "Eglise T3_2029_compta": "145",
    "Eglise T3_2029_totalCharges": "4356",
    "Eglise T3_2029_amort": "3629",
    "Eglise T3_2029_mob": "",
    "Eglise T3_2029_total": "7985",
    "Eglise T3_2029_net": "1555",
    "Eglise T3_2030_loyer": "9540",
    "Eglise T3_2030_gli": "754",
    "Eglise T3_2030_tf": "766",
    "Eglise T3_2030_ass": "900",
    "Eglise T3_2030_interet": "1766",
    "Eglise T3_2030_autre": "",
    "Eglise T3_2030_cfe": "",
    "Eglise T3_2030_compta": "145",
    "Eglise T3_2030_totalCharges": "4331",
    "Eglise T3_2030_amort": "3629",
    "Eglise T3_2030_mob": "",
    "Eglise T3_2030_total": "7960",
    "Eglise T3_2030_net": "1580",
    "Eglise T3_2031_loyer": "9540",
    "Eglise T3_2031_gli": "754",
    "Eglise T3_2031_tf": "766",
    "Eglise T3_2031_ass": "900",
    "Eglise T3_2031_interet": "1739",
    "Eglise T3_2031_autre": "",
    "Eglise T3_2031_cfe": "",
    "Eglise T3_2031_compta": "145",
    "Eglise T3_2031_totalCharges": "4304",
    "Eglise T3_2031_amort": "3629",
    "Eglise T3_2031_mob": "",
    "Eglise T3_2031_total": "7933",
    "Eglise T3_2031_net": "1607",
    "Eglise T3_2032_loyer": "9540",
    "Eglise T3_2032_gli": "754",
    "Eglise T3_2032_tf": "766",
    "Eglise T3_2032_ass": "900",
    "Eglise T3_2032_interet": "1710",
    "Eglise T3_2032_autre": "",
    "Eglise T3_2032_cfe": "",
    "Eglise T3_2032_compta": "145",
    "Eglise T3_2032_totalCharges": "4275",
    "Eglise T3_2032_amort": "3629",
    "Eglise T3_2032_mob": "",
    "Eglise T3_2032_total": "7904",
    "Eglise T3_2032_net": "1636",
    "Eglise T3_2033_loyer": "9540",
    "Eglise T3_2033_gli": "754",
    "Eglise T3_2033_tf": "766",
    "Eglise T3_2033_ass": "900",
    "Eglise T3_2033_interet": "1679",
    "Eglise T3_2033_autre": "",
    "Eglise T3_2033_cfe": "",
    "Eglise T3_2033_compta": "145",
    "Eglise T3_2033_totalCharges": "4244",
    "Eglise T3_2033_amort": "3629",
    "Eglise T3_2033_mob": "",
    "Eglise T3_2033_total": "7873",
    "Eglise T3_2033_net": "1667",
    "Eglise T3_2034_loyer": "9540",
    "Eglise T3_2034_gli": "754",
    "Eglise T3_2034_tf": "766",
    "Eglise T3_2034_ass": "900",
    "Eglise T3_2034_interet": "1613",
    "Eglise T3_2034_autre": "",
    "Eglise T3_2034_cfe": "",
    "Eglise T3_2034_compta": "145",
    "Eglise T3_2034_totalCharges": "4178",
    "Eglise T3_2034_amort": "3629",
    "Eglise T3_2034_mob": "",
    "Eglise T3_2034_total": "7807",
    "Eglise T3_2034_net": "1733",
    "Eglise Studio_2025_loyer": "5940",
    "Eglise Studio_2025_gli": "469",
    "Eglise Studio_2025_tf": "364",
    "Eglise Studio_2025_ass": "472",
    "Eglise Studio_2025_interet": "1169",
    "Eglise Studio_2025_autre": "",
    "Eglise Studio_2025_cfe": "",
    "Eglise Studio_2025_compta": "145",
    "Eglise Studio_2025_totalCharges": "2619",
    "Eglise Studio_2025_amort": "3137",
    "Eglise Studio_2025_mob": "400",
    "Eglise Studio_2025_total": "5756",
    "Eglise Studio_2025_net": "184",
    "Eglise Studio_2026_loyer": "5940",
    "Eglise Studio_2026_gli": "469",
    "Eglise Studio_2026_tf": "364",
    "Eglise Studio_2026_ass": "472",
    "Eglise Studio_2026_interet": "1157",
    "Eglise Studio_2026_autre": "",
    "Eglise Studio_2026_cfe": "",
    "Eglise Studio_2026_compta": "145",
    "Eglise Studio_2026_totalCharges": "2607",
    "Eglise Studio_2026_amort": "3137",
    "Eglise Studio_2026_mob": "400",
    "Eglise Studio_2026_total": "5744",
    "Eglise Studio_2026_net": "196",
    "Eglise Studio_2027_loyer": "5940",
    "Eglise Studio_2027_gli": "469",
    "Eglise Studio_2027_tf": "364",
    "Eglise Studio_2027_ass": "472",
    "Eglise Studio_2027_interet": "1144",
    "Eglise Studio_2027_autre": "",
    "Eglise Studio_2027_cfe": "",
    "Eglise Studio_2027_compta": "145",
    "Eglise Studio_2027_totalCharges": "2594",
    "Eglise Studio_2027_amort": "2737",
    "Eglise Studio_2027_mob": "",
    "Eglise Studio_2027_total": "5331",
    "Eglise Studio_2027_net": "609",
    "Eglise Studio_2028_loyer": "5940",
    "Eglise Studio_2028_gli": "469",
    "Eglise Studio_2028_tf": "364",
    "Eglise Studio_2028_ass": "472",
    "Eglise Studio_2028_interet": "1130",
    "Eglise Studio_2028_autre": "",
    "Eglise Studio_2028_cfe": "",
    "Eglise Studio_2028_compta": "145",
    "Eglise Studio_2028_totalCharges": "2580",
    "Eglise Studio_2028_amort": "2737",
    "Eglise Studio_2028_mob": "",
    "Eglise Studio_2028_total": "5317",
    "Eglise Studio_2028_net": "623",
    "Eglise Studio_2029_loyer": "5940",
    "Eglise Studio_2029_gli": "469",
    "Eglise Studio_2029_tf": "364",
    "Eglise Studio_2029_ass": "472",
    "Eglise Studio_2029_interet": "1115",
    "Eglise Studio_2029_autre": "",
    "Eglise Studio_2029_cfe": "",
    "Eglise Studio_2029_compta": "145",
    "Eglise Studio_2029_totalCharges": "2565",
    "Eglise Studio_2029_amort": "2737",
    "Eglise Studio_2029_mob": "",
    "Eglise Studio_2029_total": "5302",
    "Eglise Studio_2029_net": "638",
    "Eglise Studio_2030_loyer": "5940",
    "Eglise Studio_2030_gli": "469",
    "Eglise Studio_2030_tf": "364",
    "Eglise Studio_2030_ass": "472",
    "Eglise Studio_2030_interet": "1100",
    "Eglise Studio_2030_autre": "",
    "Eglise Studio_2030_cfe": "",
    "Eglise Studio_2030_compta": "145",
    "Eglise Studio_2030_totalCharges": "2550",
    "Eglise Studio_2030_amort": "2737",
    "Eglise Studio_2030_mob": "",
    "Eglise Studio_2030_total": "5287",
    "Eglise Studio_2030_net": "653",
    "Eglise Studio_2031_loyer": "5940",
    "Eglise Studio_2031_gli": "469",
    "Eglise Studio_2031_tf": "364",
    "Eglise Studio_2031_ass": "472",
    "Eglise Studio_2031_interet": "1083",
    "Eglise Studio_2031_autre": "",
    "Eglise Studio_2031_cfe": "",
    "Eglise Studio_2031_compta": "145",
    "Eglise Studio_2031_totalCharges": "2533",
    "Eglise Studio_2031_amort": "2737",
    "Eglise Studio_2031_mob": "",
    "Eglise Studio_2031_total": "5270",
    "Eglise Studio_2031_net": "670",
    "Eglise Studio_2032_loyer": "5940",
    "Eglise Studio_2032_gli": "469",
    "Eglise Studio_2032_tf": "364",
    "Eglise Studio_2032_ass": "472",
    "Eglise Studio_2032_interet": "1065",
    "Eglise Studio_2032_autre": "",
    "Eglise Studio_2032_cfe": "",
    "Eglise Studio_2032_compta": "145",
    "Eglise Studio_2032_totalCharges": "2515",
    "Eglise Studio_2032_amort": "2737",
    "Eglise Studio_2032_mob": "",
    "Eglise Studio_2032_total": "5252",
    "Eglise Studio_2032_net": "688",
    "Eglise Studio_2033_loyer": "5940",
    "Eglise Studio_2033_gli": "469",
    "Eglise Studio_2033_tf": "364",
    "Eglise Studio_2033_ass": "472",
    "Eglise Studio_2033_interet": "1046",
    "Eglise Studio_2033_autre": "",
    "Eglise Studio_2033_cfe": "",
    "Eglise Studio_2033_compta": "145",
    "Eglise Studio_2033_totalCharges": "2496",
    "Eglise Studio_2033_amort": "2737",
    "Eglise Studio_2033_mob": "",
    "Eglise Studio_2033_total": "5233",
    "Eglise Studio_2033_net": "707",
    "Eglise Studio_2034_loyer": "5940",
    "Eglise Studio_2034_gli": "469",
    "Eglise Studio_2034_tf": "364",
    "Eglise Studio_2034_ass": "472",
    "Eglise Studio_2034_interet": "1025",
    "Eglise Studio_2034_autre": "",
    "Eglise Studio_2034_cfe": "",
    "Eglise Studio_2034_compta": "145",
    "Eglise Studio_2034_totalCharges": "2475",
    "Eglise Studio_2034_amort": "2737",
    "Eglise Studio_2034_mob": "",
    "Eglise Studio_2034_total": "5212",
    "Eglise Studio_2034_net": "728",
    "Sorlin_2025_loyer": "10740",
    "Sorlin_2025_gli": "848",
    "Sorlin_2025_tf": "509",
    "Sorlin_2025_ass": "400",
    "Sorlin_2025_interet": "2113",
    "Sorlin_2025_autre": "",
    "Sorlin_2025_cfe": "175",
    "Sorlin_2025_compta": "145",
    "Sorlin_2025_totalCharges": "4190",
    "Sorlin_2025_amort": "6652.5",
    "Sorlin_2025_mob": "1000",
    "Sorlin_2025_total": "10843",
    "Sorlin_2025_net": "-102",
    "Sorlin_2026_loyer": "10740",
    "Sorlin_2026_gli": "848",
    "Sorlin_2026_tf": "509",
    "Sorlin_2026_ass": "400",
    "Sorlin_2026_interet": "2092",
    "Sorlin_2026_autre": "",
    "Sorlin_2026_cfe": "175",
    "Sorlin_2026_compta": "145",
    "Sorlin_2026_totalCharges": "4169",
    "Sorlin_2026_amort": "6652.5",
    "Sorlin_2026_mob": "1000",
    "Sorlin_2026_total": "10822",
    "Sorlin_2026_net": "-81",
    "Sorlin_2027_loyer": "10740",
    "Sorlin_2027_gli": "848",
    "Sorlin_2027_tf": "509",
    "Sorlin_2027_ass": "400",
    "Sorlin_2027_interet": "2069",
    "Sorlin_2027_autre": "",
    "Sorlin_2027_cfe": "175",
    "Sorlin_2027_compta": "145",
    "Sorlin_2027_totalCharges": "4146",
    "Sorlin_2027_amort": "5652.5",
    "Sorlin_2027_mob": "",
    "Sorlin_2027_total": "9799",
    "Sorlin_2027_net": "942",
    "Sorlin_2028_loyer": "10740",
    "Sorlin_2028_gli": "848",
    "Sorlin_2028_tf": "509",
    "Sorlin_2028_ass": "400",
    "Sorlin_2028_interet": "2044",
    "Sorlin_2028_autre": "",
    "Sorlin_2028_cfe": "175",
    "Sorlin_2028_compta": "145",
    "Sorlin_2028_totalCharges": "4121",
    "Sorlin_2028_amort": "5652.5",
    "Sorlin_2028_mob": "",
    "Sorlin_2028_total": "9774",
    "Sorlin_2028_net": "967",
    "Sorlin_2029_loyer": "10740",
    "Sorlin_2029_gli": "848",
    "Sorlin_2029_tf": "509",
    "Sorlin_2029_ass": "400",
    "Sorlin_2029_interet": "2017",
    "Sorlin_2029_autre": "",
    "Sorlin_2029_cfe": "175",
    "Sorlin_2029_compta": "145",
    "Sorlin_2029_totalCharges": "4094",
    "Sorlin_2029_amort": "5652.5",
    "Sorlin_2029_mob": "",
    "Sorlin_2029_total": "9747",
    "Sorlin_2029_net": "994",
    "Sorlin_2030_loyer": "10740",
    "Sorlin_2030_gli": "848",
    "Sorlin_2030_tf": "509",
    "Sorlin_2030_ass": "400",
    "Sorlin_2030_interet": "1988",
    "Sorlin_2030_autre": "",
    "Sorlin_2030_cfe": "175",
    "Sorlin_2030_compta": "145",
    "Sorlin_2030_totalCharges": "4065",
    "Sorlin_2030_amort": "5652.5",
    "Sorlin_2030_mob": "",
    "Sorlin_2030_total": "9718",
    "Sorlin_2030_net": "1023",
    "Sorlin_2031_loyer": "10740",
    "Sorlin_2031_gli": "848",
    "Sorlin_2031_tf": "509",
    "Sorlin_2031_ass": "400",
    "Sorlin_2031_interet": "1958",
    "Sorlin_2031_autre": "",
    "Sorlin_2031_cfe": "175",
    "Sorlin_2031_compta": "145",
    "Sorlin_2031_totalCharges": "4035",
    "Sorlin_2031_amort": "5652.5",
    "Sorlin_2031_mob": "",
    "Sorlin_2031_total": "9688",
    "Sorlin_2031_net": "1053",
    "Sorlin_2032_loyer": "10740",
    "Sorlin_2032_gli": "848",
    "Sorlin_2032_tf": "509",
    "Sorlin_2032_ass": "400",
    "Sorlin_2032_interet": "1925",
    "Sorlin_2032_autre": "",
    "Sorlin_2032_cfe": "175",
    "Sorlin_2032_compta": "145",
    "Sorlin_2032_totalCharges": "4002",
    "Sorlin_2032_amort": "5652.5",
    "Sorlin_2032_mob": "",
    "Sorlin_2032_total": "9655",
    "Sorlin_2032_net": "1086",
    "Sorlin_2033_loyer": "10740",
    "Sorlin_2033_gli": "848",
    "Sorlin_2033_tf": "509",
    "Sorlin_2033_ass": "400",
    "Sorlin_2033_interet": "1891",
    "Sorlin_2033_autre": "",
    "Sorlin_2033_cfe": "175",
    "Sorlin_2033_compta": "145",
    "Sorlin_2033_totalCharges": "3968",
    "Sorlin_2033_amort": "5652.5",
    "Sorlin_2033_mob": "",
    "Sorlin_2033_total": "9621",
    "Sorlin_2033_net": "1120",
    "Sorlin_2034_loyer": "10740",
    "Sorlin_2034_gli": "848",
    "Sorlin_2034_tf": "509.68",
    "Sorlin_2034_ass": "400",
    "Sorlin_2034_interet": "1854",
    "Sorlin_2034_autre": "",
    "Sorlin_2034_cfe": "175",
    "Sorlin_2034_compta": "145",
    "Sorlin_2034_totalCharges": "3932",
    "Sorlin_2034_amort": "5652.5",
    "Sorlin_2034_mob": "",
    "Sorlin_2034_total": "9584",
    "Sorlin_2034_net": "1156",
    "Acquises 1_2025_loyer": "3600",
    "Acquises 1_2025_gli": "284",
    "Acquises 1_2025_tf": "600",
    "Acquises 1_2025_ass": "596",
    "Acquises 1_2025_interet": "708",
    "Acquises 1_2025_autre": "162",
    "Acquises 1_2025_cfe": "",
    "Acquises 1_2025_compta": "145",
    "Acquises 1_2025_totalCharges": "2495",
    "Acquises 1_2025_amort": "4914",
    "Acquises 1_2025_mob": "600",
    "Acquises 1_2025_total": "7409",
    "Acquises 1_2025_net": "-3809",
    "Acquises 1_2026_loyer": "3600",
    "Acquises 1_2026_gli": "284",
    "Acquises 1_2026_tf": "600",
    "Acquises 1_2026_ass": "486",
    "Acquises 1_2026_interet": "701",
    "Acquises 1_2026_autre": "162",
    "Acquises 1_2026_cfe": "",
    "Acquises 1_2026_compta": "145",
    "Acquises 1_2026_totalCharges": "2378",
    "Acquises 1_2026_amort": "4914",
    "Acquises 1_2026_mob": "600",
    "Acquises 1_2026_total": "7292",
    "Acquises 1_2026_net": "-3692",
    "Acquises 1_2027_loyer": "3600",
    "Acquises 1_2027_gli": "284",
    "Acquises 1_2027_tf": "600",
    "Acquises 1_2027_ass": "486",
    "Acquises 1_2027_interet": "693",
    "Acquises 1_2027_autre": "162",
    "Acquises 1_2027_cfe": "",
    "Acquises 1_2027_compta": "145",
    "Acquises 1_2027_totalCharges": "2370",
    "Acquises 1_2027_amort": "4314",
    "Acquises 1_2027_mob": "",
    "Acquises 1_2027_total": "6684",
    "Acquises 1_2027_net": "-3084",
    "Acquises 1_2028_loyer": "3600",
    "Acquises 1_2028_gli": "284",
    "Acquises 1_2028_tf": "600",
    "Acquises 1_2028_ass": "486",
    "Acquises 1_2028_interet": "685",
    "Acquises 1_2028_autre": "162",
    "Acquises 1_2028_cfe": "",
    "Acquises 1_2028_compta": "145",
    "Acquises 1_2028_totalCharges": "2362",
    "Acquises 1_2028_amort": "4314",
    "Acquises 1_2028_mob": "",
    "Acquises 1_2028_total": "6676",
    "Acquises 1_2028_net": "-3076",
    "Acquises 1_2029_loyer": "3600",
    "Acquises 1_2029_gli": "284",
    "Acquises 1_2029_tf": "600",
    "Acquises 1_2029_ass": "486",
    "Acquises 1_2029_interet": "676",
    "Acquises 1_2029_autre": "162",
    "Acquises 1_2029_cfe": "",
    "Acquises 1_2029_compta": "145",
    "Acquises 1_2029_totalCharges": "2353",
    "Acquises 1_2029_amort": "4314",
    "Acquises 1_2029_mob": "",
    "Acquises 1_2029_total": "6667",
    "Acquises 1_2029_net": "-3067",
    "Acquises 1_2030_loyer": "3600",
    "Acquises 1_2030_gli": "284",
    "Acquises 1_2030_tf": "600",
    "Acquises 1_2030_ass": "486",
    "Acquises 1_2030_interet": "666",
    "Acquises 1_2030_autre": "162",
    "Acquises 1_2030_cfe": "",
    "Acquises 1_2030_compta": "145",
    "Acquises 1_2030_totalCharges": "2343",
    "Acquises 1_2030_amort": "4314",
    "Acquises 1_2030_mob": "",
    "Acquises 1_2030_total": "6657",
    "Acquises 1_2030_net": "-3057",
    "Acquises 1_2031_loyer": "3600",
    "Acquises 1_2031_gli": "284",
    "Acquises 1_2031_tf": "600",
    "Acquises 1_2031_ass": "486",
    "Acquises 1_2031_interet": "656",
    "Acquises 1_2031_autre": "162",
    "Acquises 1_2031_cfe": "",
    "Acquises 1_2031_compta": "145",
    "Acquises 1_2031_totalCharges": "2333",
    "Acquises 1_2031_amort": "4314",
    "Acquises 1_2031_mob": "",
    "Acquises 1_2031_total": "6647",
    "Acquises 1_2031_net": "-3047",
    "Acquises 1_2032_loyer": "3600",
    "Acquises 1_2032_gli": "284",
    "Acquises 1_2032_tf": "600",
    "Acquises 1_2032_ass": "486",
    "Acquises 1_2032_interet": "645",
    "Acquises 1_2032_autre": "162",
    "Acquises 1_2032_cfe": "",
    "Acquises 1_2032_compta": "145",
    "Acquises 1_2032_totalCharges": "2322",
    "Acquises 1_2032_amort": "4314",
    "Acquises 1_2032_mob": "",
    "Acquises 1_2032_total": "6636",
    "Acquises 1_2032_net": "-3036",
    "Acquises 1_2033_loyer": "3600",
    "Acquises 1_2033_gli": "284",
    "Acquises 1_2033_tf": "600",
    "Acquises 1_2033_ass": "486",
    "Acquises 1_2033_interet": "634",
    "Acquises 1_2033_autre": "162",
    "Acquises 1_2033_cfe": "",
    "Acquises 1_2033_compta": "145",
    "Acquises 1_2033_totalCharges": "2311",
    "Acquises 1_2033_amort": "4314",
    "Acquises 1_2033_mob": "",
    "Acquises 1_2033_total": "6625",
    "Acquises 1_2033_net": "-3025",
    "Acquises 1_2034_loyer": "3600",
    "Acquises 1_2034_gli": "284",
    "Acquises 1_2034_tf": "600",
    "Acquises 1_2034_ass": "486",
    "Acquises 1_2034_interet": "621",
    "Acquises 1_2034_autre": "162",
    "Acquises 1_2034_cfe": "",
    "Acquises 1_2034_compta": "145",
    "Acquises 1_2034_totalCharges": "2298",
    "Acquises 1_2034_amort": "4314",
    "Acquises 1_2034_mob": "",
    "Acquises 1_2034_total": "6612",
    "Acquises 1_2034_net": "-3012",
    "Phoenix 1_2025_loyer": "7620",
    "Phoenix 1_2025_gli": "602",
    "Phoenix 1_2025_tf": "120",
    "Phoenix 1_2025_ass": "162",
    "Phoenix 1_2025_interet": "867",
    "Phoenix 1_2025_autre": "187",
    "Phoenix 1_2025_cfe": "",
    "Phoenix 1_2025_compta": "145",
    "Phoenix 1_2025_totalCharges": "2083",
    "Phoenix 1_2025_amort": "4811",
    "Phoenix 1_2025_mob": "971",
    "Phoenix 1_2025_total": "6894",
    "Phoenix 1_2025_net": "726",
    "Phoenix 1_2026_loyer": "7620",
    "Phoenix 1_2026_gli": "602",
    "Phoenix 1_2026_tf": "120",
    "Phoenix 1_2026_ass": "162",
    "Phoenix 1_2026_interet": "825",
    "Phoenix 1_2026_autre": "187",
    "Phoenix 1_2026_cfe": "",
    "Phoenix 1_2026_compta": "145",
    "Phoenix 1_2026_totalCharges": "2041",
    "Phoenix 1_2026_amort": "4811",
    "Phoenix 1_2026_mob": "971",
    "Phoenix 1_2026_total": "6852",
    "Phoenix 1_2026_net": "768",
    "Phoenix 1_2027_loyer": "7620",
    "Phoenix 1_2027_gli": "602",
    "Phoenix 1_2027_tf": "120",
    "Phoenix 1_2027_ass": "162",
    "Phoenix 1_2027_interet": "783",
    "Phoenix 1_2027_autre": "187",
    "Phoenix 1_2027_cfe": "",
    "Phoenix 1_2027_compta": "145",
    "Phoenix 1_2027_totalCharges": "1999",
    "Phoenix 1_2027_amort": "4811",
    "Phoenix 1_2027_mob": "971",
    "Phoenix 1_2027_total": "6810",
    "Phoenix 1_2027_net": "810",
    "Phoenix 1_2028_loyer": "7620",
    "Phoenix 1_2028_gli": "602",
    "Phoenix 1_2028_tf": "120",
    "Phoenix 1_2028_ass": "162",
    "Phoenix 1_2028_interet": "739",
    "Phoenix 1_2028_autre": "187",
    "Phoenix 1_2028_cfe": "",
    "Phoenix 1_2028_compta": "145",
    "Phoenix 1_2028_totalCharges": "1955",
    "Phoenix 1_2028_amort": "3840",
    "Phoenix 1_2028_mob": "",
    "Phoenix 1_2028_total": "5795",
    "Phoenix 1_2028_net": "1825",
    "Phoenix 1_2029_loyer": "7620",
    "Phoenix 1_2029_gli": "602",
    "Phoenix 1_2029_tf": "120",
    "Phoenix 1_2029_ass": "162",
    "Phoenix 1_2029_interet": "739",
    "Phoenix 1_2029_autre": "187",
    "Phoenix 1_2029_cfe": "",
    "Phoenix 1_2029_compta": "145",
    "Phoenix 1_2029_totalCharges": "1955",
    "Phoenix 1_2029_amort": "3840",
    "Phoenix 1_2029_mob": "",
    "Phoenix 1_2029_total": "5795",
    "Phoenix 1_2029_net": "1825",
    "Phoenix 1_2030_loyer": "7620",
    "Phoenix 1_2030_gli": "602",
    "Phoenix 1_2030_tf": "120",
    "Phoenix 1_2030_ass": "162",
    "Phoenix 1_2030_interet": "695",
    "Phoenix 1_2030_autre": "187",
    "Phoenix 1_2030_cfe": "",
    "Phoenix 1_2030_compta": "145",
    "Phoenix 1_2030_totalCharges": "1911",
    "Phoenix 1_2030_amort": "3840",
    "Phoenix 1_2030_mob": "",
    "Phoenix 1_2030_total": "5751",
    "Phoenix 1_2030_net": "1869",
    "Phoenix 1_2031_loyer": "7620",
    "Phoenix 1_2031_gli": "602",
    "Phoenix 1_2031_tf": "120",
    "Phoenix 1_2031_ass": "162",
    "Phoenix 1_2031_interet": "648",
    "Phoenix 1_2031_autre": "187",
    "Phoenix 1_2031_cfe": "",
    "Phoenix 1_2031_compta": "145",
    "Phoenix 1_2031_totalCharges": "1864",
    "Phoenix 1_2031_amort": "3840",
    "Phoenix 1_2031_mob": "",
    "Phoenix 1_2031_total": "5704",
    "Phoenix 1_2031_net": "1916",
    "Phoenix 1_2032_loyer": "7620",
    "Phoenix 1_2032_gli": "602",
    "Phoenix 1_2032_tf": "120",
    "Phoenix 1_2032_ass": "162",
    "Phoenix 1_2032_interet": "602",
    "Phoenix 1_2032_autre": "187",
    "Phoenix 1_2032_cfe": "",
    "Phoenix 1_2032_compta": "145",
    "Phoenix 1_2032_totalCharges": "1818",
    "Phoenix 1_2032_amort": "3840",
    "Phoenix 1_2032_mob": "",
    "Phoenix 1_2032_total": "5658",
    "Phoenix 1_2032_net": "1962",
    "Phoenix 1_2033_loyer": "7620",
    "Phoenix 1_2033_gli": "602",
    "Phoenix 1_2033_tf": "120",
    "Phoenix 1_2033_ass": "162",
    "Phoenix 1_2033_interet": "506",
    "Phoenix 1_2033_autre": "187",
    "Phoenix 1_2033_cfe": "",
    "Phoenix 1_2033_compta": "145",
    "Phoenix 1_2033_totalCharges": "1722",
    "Phoenix 1_2033_amort": "3840",
    "Phoenix 1_2033_mob": "",
    "Phoenix 1_2033_total": "5562",
    "Phoenix 1_2033_net": "2058",
    "Phoenix 1_2034_loyer": "7620",
    "Phoenix 1_2034_gli": "602",
    "Phoenix 1_2034_tf": "120",
    "Phoenix 1_2034_ass": "162",
    "Phoenix 1_2034_interet": "456",
    "Phoenix 1_2034_autre": "187",
    "Phoenix 1_2034_cfe": "",
    "Phoenix 1_2034_compta": "145",
    "Phoenix 1_2034_totalCharges": "1672",
    "Phoenix 1_2034_amort": "3840",
    "Phoenix 1_2034_mob": "",
    "Phoenix 1_2034_total": "5512",
    "Phoenix 1_2034_net": "2108",
    "Phoenix 2_2025_loyer": "9756",
    "Phoenix 2_2025_gli": "771",
    "Phoenix 2_2025_tf": "144",
    "Phoenix 2_2025_ass": "217",
    "Phoenix 2_2025_interet": "1111",
    "Phoenix 2_2025_autre": "212",
    "Phoenix 2_2025_cfe": "",
    "Phoenix 2_2025_compta": "145",
    "Phoenix 2_2025_totalCharges": "2600",
    "Phoenix 2_2025_amort": "6045",
    "Phoenix 2_2025_mob": "1245",
    "Phoenix 2_2025_total": "8645",
    "Phoenix 2_2025_net": "1111",
    "Phoenix 2_2026_loyer": "9756",
    "Phoenix 2_2026_gli": "771",
    "Phoenix 2_2026_tf": "144",
    "Phoenix 2_2026_ass": "217",
    "Phoenix 2_2026_interet": "1057",
    "Phoenix 2_2026_autre": "212",
    "Phoenix 2_2026_cfe": "",
    "Phoenix 2_2026_compta": "145",
    "Phoenix 2_2026_totalCharges": "2546",
    "Phoenix 2_2026_amort": "6045",
    "Phoenix 2_2026_mob": "1245",
    "Phoenix 2_2026_total": "8591",
    "Phoenix 2_2026_net": "1165",
    "Phoenix 2_2027_loyer": "9756",
    "Phoenix 2_2027_gli": "771",
    "Phoenix 2_2027_tf": "144",
    "Phoenix 2_2027_ass": "217",
    "Phoenix 2_2027_interet": "1002",
    "Phoenix 2_2027_autre": "212",
    "Phoenix 2_2027_cfe": "",
    "Phoenix 2_2027_compta": "145",
    "Phoenix 2_2027_totalCharges": "2491",
    "Phoenix 2_2027_amort": "6045",
    "Phoenix 2_2027_mob": "1245",
    "Phoenix 2_2027_total": "8536",
    "Phoenix 2_2027_net": "1220",
    "Phoenix 2_2028_loyer": "9756",
    "Phoenix 2_2028_gli": "771",
    "Phoenix 2_2028_tf": "144",
    "Phoenix 2_2028_ass": "217",
    "Phoenix 2_2028_interet": "946",
    "Phoenix 2_2028_autre": "212",
    "Phoenix 2_2028_cfe": "",
    "Phoenix 2_2028_compta": "145",
    "Phoenix 2_2028_totalCharges": "2435",
    "Phoenix 2_2028_amort": "4800",
    "Phoenix 2_2028_mob": "",
    "Phoenix 2_2028_total": "7235",
    "Phoenix 2_2028_net": "2521",
    "Phoenix 2_2029_loyer": "9756",
    "Phoenix 2_2029_gli": "771",
    "Phoenix 2_2029_tf": "144",
    "Phoenix 2_2029_ass": "217",
    "Phoenix 2_2029_interet": "889",
    "Phoenix 2_2029_autre": "212",
    "Phoenix 2_2029_cfe": "",
    "Phoenix 2_2029_compta": "145",
    "Phoenix 2_2029_totalCharges": "2378",
    "Phoenix 2_2029_amort": "4800",
    "Phoenix 2_2029_mob": "",
    "Phoenix 2_2029_total": "7178",
    "Phoenix 2_2029_net": "2578",
    "Phoenix 2_2030_loyer": "9756",
    "Phoenix 2_2030_gli": "771",
    "Phoenix 2_2030_tf": "144",
    "Phoenix 2_2030_ass": "217",
    "Phoenix 2_2030_interet": "830",
    "Phoenix 2_2030_autre": "212",
    "Phoenix 2_2030_cfe": "",
    "Phoenix 2_2030_compta": "145",
    "Phoenix 2_2030_totalCharges": "2319",
    "Phoenix 2_2030_amort": "4800",
    "Phoenix 2_2030_mob": "",
    "Phoenix 2_2030_total": "7119",
    "Phoenix 2_2030_net": "2637",
    "Phoenix 2_2031_loyer": "9756",
    "Phoenix 2_2031_gli": "771",
    "Phoenix 2_2031_tf": "144",
    "Phoenix 2_2031_ass": "217",
    "Phoenix 2_2031_interet": "771",
    "Phoenix 2_2031_autre": "212",
    "Phoenix 2_2031_cfe": "",
    "Phoenix 2_2031_compta": "145",
    "Phoenix 2_2031_totalCharges": "2260",
    "Phoenix 2_2031_amort": "4800",
    "Phoenix 2_2031_mob": "",
    "Phoenix 2_2031_total": "7060",
    "Phoenix 2_2031_net": "2696",
    "Phoenix 2_2032_loyer": "9756",
    "Phoenix 2_2032_gli": "771",
    "Phoenix 2_2032_tf": "144",
    "Phoenix 2_2032_ass": "217",
    "Phoenix 2_2032_interet": "710",
    "Phoenix 2_2032_autre": "212",
    "Phoenix 2_2032_cfe": "",
    "Phoenix 2_2032_compta": "145",
    "Phoenix 2_2032_totalCharges": "2199",
    "Phoenix 2_2032_amort": "4800",
    "Phoenix 2_2032_mob": "",
    "Phoenix 2_2032_total": "6999",
    "Phoenix 2_2032_net": "2757",
    "Phoenix 2_2033_loyer": "9756",
    "Phoenix 2_2033_gli": "771",
    "Phoenix 2_2033_tf": "144",
    "Phoenix 2_2033_ass": "217",
    "Phoenix 2_2033_interet": "648",
    "Phoenix 2_2033_autre": "212",
    "Phoenix 2_2033_cfe": "",
    "Phoenix 2_2033_compta": "145",
    "Phoenix 2_2033_totalCharges": "2137",
    "Phoenix 2_2033_amort": "4800",
    "Phoenix 2_2033_mob": "",
    "Phoenix 2_2033_total": "6937",
    "Phoenix 2_2033_net": "2819",
    "Phoenix 2_2034_loyer": "9756",
    "Phoenix 2_2034_gli": "771",
    "Phoenix 2_2034_tf": "144",
    "Phoenix 2_2034_ass": "217",
    "Phoenix 2_2034_interet": "584",
    "Phoenix 2_2034_autre": "212",
    "Phoenix 2_2034_cfe": "",
    "Phoenix 2_2034_compta": "145",
    "Phoenix 2_2034_totalCharges": "2073",
    "Phoenix 2_2034_amort": "4800",
    "Phoenix 2_2034_mob": "",
    "Phoenix 2_2034_total": "6873",
    "Phoenix 2_2034_net": "2883",
    "Phoenix 3_2025_loyer": "7440",
    "Phoenix 3_2025_gli": "588",
    "Phoenix 3_2025_tf": "120",
    "Phoenix 3_2025_ass": "162",
    "Phoenix 3_2025_interet": "847",
    "Phoenix 3_2025_autre": "187",
    "Phoenix 3_2025_cfe": "",
    "Phoenix 3_2025_compta": "145",
    "Phoenix 3_2025_totalCharges": "2049",
    "Phoenix 3_2025_amort": "4811",
    "Phoenix 3_2025_mob": "971",
    "Phoenix 3_2025_total": "6860",
    "Phoenix 3_2025_net": "580",
    "Phoenix 3_2026_loyer": "7440",
    "Phoenix 3_2026_gli": "588",
    "Phoenix 3_2026_tf": "120",
    "Phoenix 3_2026_ass": "162",
    "Phoenix 3_2026_interet": "806",
    "Phoenix 3_2026_autre": "187",
    "Phoenix 3_2026_cfe": "",
    "Phoenix 3_2026_compta": "145",
    "Phoenix 3_2026_totalCharges": "2008",
    "Phoenix 3_2026_amort": "4811",
    "Phoenix 3_2026_mob": "971",
    "Phoenix 3_2026_total": "6819",
    "Phoenix 3_2026_net": "621",
    "Phoenix 3_2027_loyer": "7440",
    "Phoenix 3_2027_gli": "588",
    "Phoenix 3_2027_tf": "120",
    "Phoenix 3_2027_ass": "162",
    "Phoenix 3_2027_interet": "764",
    "Phoenix 3_2027_autre": "187",
    "Phoenix 3_2027_cfe": "",
    "Phoenix 3_2027_compta": "145",
    "Phoenix 3_2027_totalCharges": "1966",
    "Phoenix 3_2027_amort": "4811",
    "Phoenix 3_2027_mob": "971",
    "Phoenix 3_2027_total": "6777",
    "Phoenix 3_2027_net": "663",
    "Phoenix 3_2028_loyer": "7440",
    "Phoenix 3_2028_gli": "588",
    "Phoenix 3_2028_tf": "120",
    "Phoenix 3_2028_ass": "162",
    "Phoenix 3_2028_interet": "721",
    "Phoenix 3_2028_autre": "187",
    "Phoenix 3_2028_cfe": "",
    "Phoenix 3_2028_compta": "145",
    "Phoenix 3_2028_totalCharges": "1923",
    "Phoenix 3_2028_amort": "3840",
    "Phoenix 3_2028_mob": "",
    "Phoenix 3_2028_total": "5763",
    "Phoenix 3_2028_net": "1677",
    "Phoenix 3_2029_loyer": "7440",
    "Phoenix 3_2029_gli": "588",
    "Phoenix 3_2029_tf": "120",
    "Phoenix 3_2029_ass": "162",
    "Phoenix 3_2029_interet": "678",
    "Phoenix 3_2029_autre": "187",
    "Phoenix 3_2029_cfe": "",
    "Phoenix 3_2029_compta": "145",
    "Phoenix 3_2029_totalCharges": "1880",
    "Phoenix 3_2029_amort": "3840",
    "Phoenix 3_2029_mob": "",
    "Phoenix 3_2029_total": "5720",
    "Phoenix 3_2029_net": "1720",
    "Phoenix 3_2030_loyer": "7440",
    "Phoenix 3_2030_gli": "588",
    "Phoenix 3_2030_tf": "120",
    "Phoenix 3_2030_ass": "162",
    "Phoenix 3_2030_interet": "633",
    "Phoenix 3_2030_autre": "187",
    "Phoenix 3_2030_cfe": "",
    "Phoenix 3_2030_compta": "145",
    "Phoenix 3_2030_totalCharges": "1835",
    "Phoenix 3_2030_amort": "3840",
    "Phoenix 3_2030_mob": "",
    "Phoenix 3_2030_total": "5675",
    "Phoenix 3_2030_net": "1765",
    "Phoenix 3_2031_loyer": "7440",
    "Phoenix 3_2031_gli": "588",
    "Phoenix 3_2031_tf": "120",
    "Phoenix 3_2031_ass": "162",
    "Phoenix 3_2031_interet": "588",
    "Phoenix 3_2031_autre": "187",
    "Phoenix 3_2031_cfe": "",
    "Phoenix 3_2031_compta": "145",
    "Phoenix 3_2031_totalCharges": "1790",
    "Phoenix 3_2031_amort": "3840",
    "Phoenix 3_2031_mob": "",
    "Phoenix 3_2031_total": "5630",
    "Phoenix 3_2031_net": "1810",
    "Phoenix 3_2032_loyer": "7440",
    "Phoenix 3_2032_gli": "588",
    "Phoenix 3_2032_tf": "120",
    "Phoenix 3_2032_ass": "162",
    "Phoenix 3_2032_interet": "541",
    "Phoenix 3_2032_autre": "187",
    "Phoenix 3_2032_cfe": "",
    "Phoenix 3_2032_compta": "145",
    "Phoenix 3_2032_totalCharges": "1743",
    "Phoenix 3_2032_amort": "3840",
    "Phoenix 3_2032_mob": "",
    "Phoenix 3_2032_total": "5583",
    "Phoenix 3_2032_net": "1857",
    "Phoenix 3_2033_loyer": "7440",
    "Phoenix 3_2033_gli": "588",
    "Phoenix 3_2033_tf": "120",
    "Phoenix 3_2033_ass": "162",
    "Phoenix 3_2033_interet": "494",
    "Phoenix 3_2033_autre": "187",
    "Phoenix 3_2033_cfe": "",
    "Phoenix 3_2033_compta": "145",
    "Phoenix 3_2033_totalCharges": "1696",
    "Phoenix 3_2033_amort": "3840",
    "Phoenix 3_2033_mob": "",
    "Phoenix 3_2033_total": "5536",
    "Phoenix 3_2033_net": "1904",
    "Phoenix 3_2034_loyer": "7440",
    "Phoenix 3_2034_gli": "588",
    "Phoenix 3_2034_tf": "120",
    "Phoenix 3_2034_ass": "162",
    "Phoenix 3_2034_interet": "446",
    "Phoenix 3_2034_autre": "187",
    "Phoenix 3_2034_cfe": "",
    "Phoenix 3_2034_compta": "145",
    "Phoenix 3_2034_totalCharges": "1648",
    "Phoenix 3_2034_amort": "3840",
    "Phoenix 3_2034_mob": "",
    "Phoenix 3_2034_total": "5488",
    "Phoenix 3_2034_net": "1952",
    "stock-initial": "50000",
    "resultat-2025": "-1481",
    "amort-2025": "0",
    "stock-2025": "62000",
    "resultat-2026": "-1107",
    "amort-2026": "0",
    "stock-2026": "62000",
    "resultat-2027": "3693",
    "amort-2027": "3693",
    "stock-2027": "58307",
    "resultat-2028": "7174",
    "amort-2028": "7174",
    "stock-2028": "51133",
    "resultat-2029": "7406",
    "amort-2029": "7406",
    "stock-2029": "43727",
    "resultat-2030": "7693",
    "amort-2030": "7693",
    "stock-2030": "36034",
    "resultat-2031": "7992",
    "amort-2031": "7992",
    "stock-2031": "28042",
    "resultat-2032": "8305",
    "amort-2032": "8305",
    "stock-2032": "19737",
    "resultat-2033": "8677",
    "amort-2033": "8677",
    "stock-2033": "11060",
    "resultat-2034": "9053",
    "amort-2034": "9053",
    "stock-2034": "2007",
    "benefice": "10000",
    "tmi": "0.11",
    "ssi": "40"
  },
  "valeursManuelles": {
    "2025": {
      "stock": 62000
    },
    "undefined": {
      "undefined": 62000
    }
  },
  "simuBIC": {
    "benefice": "10000",
    "tmi": "0.11",
    "ssi": "40"
  },
  "modifsAmort": {}
}